1,2 g Fuji,Ruy del Segui,wikinerd@msn.com
2,2cv Fabrica,Martirio Manso-Guzman,satch@sbcglobal.net
3,2cv Factory,Roberta Villegas Iba§ez,mlewan@mac.com
4,2cv-Fabrik,Reina Emiliana Acero Arellano,hellfire@verizon.net
5,2g de Fuji,Vasco Grau Acevedo,danneng@gmail.com
6,2gm Fuji,Inmaculada Aurora Cantero Peralta,sacraver@aol.com
7,2h Studio,Pepe Cepeda Valle,kudra@msn.com
8,4 Kinder geschÅttelt,Paca Sanmartin-Ba§os,denism@icloud.com
9,A fuoco digitale,Miriam Martin Casado,jusdisgi@icloud.com
10,A montante,Xiomara Jove Tolosa,gamma@aol.com
11,A monte,Flavio Pe§a-Arana,pizza@aol.com
12,A secoue 4 enfants,Gisela Berta Benitez Ballesteros,wildfire@msn.com
13,Abalou 4 crianáas,Valero Rey,rcwil@optonline.net
14,Accueil Robotank,Lucila Vi§as Delgado,gward@msn.com
15,Achse Varsity,Natividad Castilla Cobos,shang@hotmail.com
16,Actenet,Gabriel Arnau,telbij@yahoo.com
17,Administradores,Eustaquio Fabregat,aaribaud@optonline.net
18,Administradors,Victoriano Fabra-Vi§as,nanop@hotmail.com
19,Administrateurs,Nayara Adoracion Carnero Somoza,keutzer@sbcglobal.net
20,Admins,Julia Chaves Nieto,jkegl@live.com
21,Admitabi,Clotilde Pinilla,gozer@outlook.com
22,Admitabi,Armando Aller Infante,bonmots@verizon.net
23,Adview Designs,Rodolfo Mendez Alonso,keijser@me.com
24,Adview-Designs,Artemio Martinez-Baeza,aaribaud@mac.com
25,Advocats dalzheimer,Severiano Llorente Calatayud,ninenine@comcast.net
26,Advogados de Alzheimer,Hector del Fuentes,kronvold@gmail.com
27,Aerovan,Victor de Sastre,jrkorson@icloud.com
28,Aerovans,Evita Torrents Aparicio,dburrows@verizon.net
29,Aerovans,Tere Alberto Urrutia,ajohnson@yahoo.ca
30,Affitto Woodside,Itziar Solano Gimenez,chaikin@icloud.com
31,Agence Abeille Auto,Gaspar Solano,lridener@me.com
32,Agäncia Bee Auto,Saturnina Parejo Portillo,raides@me.com
33,Agenzia per lauto delle api,Maria Fernanda Fuster Artigas,draper@optonline.net
34,Ahiyo Development,Aitor Gallo Gaya,eabrown@mac.com
35,Ahiyo-Entwicklung,Adelina Calzada Garate,kenja@aol.com
36,Ahorn-Raguarta,Olegario del Mateos,ghaviv@mac.com
37,Ai ä efficiente,Sarita Rivas Pinilla,cparis@verizon.net
38,Ai Sequencial,Jose Ignacio Valles Salinas,jipsen@mac.com
39,Ai seqÅencial,Jose Carlos del Serrano,bbirth@verizon.net
40,Ai sequentielle,Francisca de Solano,lstaf@comcast.net
41,Ai sequenziale,Ismael Colomer Barbera,esbeck@icloud.com
42,Ai Sistemi,Aroa Nieto,debest@mac.com
43,Ai Systems,Paloma Boada-Arnal,jguyer@hotmail.com
44,Aiki It Support,Flor Olimpia Gallart Roca,hoangle@verizon.net
45,Aiki It-UnterstÅtzung,Gabriela Checa Castrillo,wikinerd@yahoo.ca
46,Ais Efficace,Damian Palomares Lledo,mfburgo@hotmail.com
47,Ais Efficient,Godofredo Pi§a-Nadal,forsberg@yahoo.ca
48,Ais Effizient,Roman del Anglada,agolomsh@verizon.net
49,Ais eficient,Artemio Manso Adadia,druschel@msn.com
50,Aiswad,Maria Teresa Hernando-Cepeda,chronos@msn.com
51,Aãswad,Elba Taboada Polo,syrinx@icloud.com
52,Alegra Dynamics,Roberta Cobos Baeza,dpitts@msn.com
53,Alegra Dynamik,Haroldo Aguilar Monreal,roesch@gmail.com
54,Alegria,Ovidio Pi§a Gomez,facet@hotmail.com
55,Allenamento incrociato,Bernardo Otero Cabrero,seasweb@att.net
56,Alles Beddbfty,Custodio Gargallo-Ramis,rfisher@me.com
57,Allgemein,Lucila Losada,smpeters@icloud.com
58,Alliancestudios,Juliana Marquez Huguet,moinefou@hotmail.com
59,Allianzstudios,Aurelio Leon Campoy,eimear@me.com
60,Almofadas com babados,Mamen Eufemia Ortu§o Mari,floxy@yahoo.com
61,Also Faktiv,Leocadia Galiano Barroso,pjacklam@verizon.net
62,Aluguel do Bosque,Ciro Chacon Leal,tromey@yahoo.ca
63,Aluguer de Kingkenny,Obdulia Beltran Coca,noahb@verizon.net
64,Alzheimers Solicitors,Nydia Anguita,bryanw@hotmail.com
65,Ammetto,Guadalupe del Roldan,augusto@live.com
66,Amministratori,Ricarda Hernando Hoz,mdielmann@msn.com
67,Anti Systems,Lorenzo Cuellar Huertas,csilvers@optonline.net
68,Anti-Sistemas,Paula Codina Mulet,harpes@verizon.net
69,Antisistemes,Aurora Sola Pavon,danneng@yahoo.ca
70,Antisistemi,Fabiola Samper Alfonso,osrin@me.com
71,Anti-Systeme,Isidro Mugica Marquez,raides@att.net
72,Anti-systämes,Abilio Feliu Gelabert,tezbo@sbcglobal.net
73,AnwÑlte fÅr Alzheimer,Rodolfo Hervia Tolosa,koudas@att.net
74,API de finanáas,Nidia Mate Benito,kludge@mac.com
75,API Finance,Cruz Barroso-Flor,bmorrow@icloud.com
76,Arbeitsschleife,Corona Palacio Valle,msherr@verizon.net
77,Arredamento Cafä,Sancho Melero Palma,jnolan@optonline.net
78,Arredi urbani,Sofia Guillen-Montero,dwendlan@verizon.net
79,Associados do Seculo,Macario Godoy Ca§izares,fwiles@msn.com
80,Associati Secolo,Guiomar Fabregat Prieto,jfreedma@verizon.net
81,Associats del segle,Alonso Pati§o Rosello,stecoop@att.net
82,Associes du siäcle,Wilfredo Jacinto Ballester Feijoo,rohitm@gmail.com
83,Atenastic Systems,Leandro Sancho Gil,naoya@mac.com
84,Atenastische Systeme,Anselmo Ballesteros Rovira,philb@optonline.net
85,Augenregenschleife,Ciriaco Cristobal Mayol Quintero,oster@hotmail.com
86,Auk Myanmar,Inmaculada Chaparro-Batlle,kaiser@comcast.net
87,Automaá∆o residencial,Raul Torralba Izquierdo,munjal@icloud.com
88,Automatisation de la maison,Pedro Torrijos,rande@live.com
89,Autopeáas Maverick,Eusebia Sola Ayala,mkearl@gmail.com
90,Avanáada,Fabiola Carpio-Pagäs,nachbaur@verizon.net
91,Avantage,Aurelia Lozano,seasweb@icloud.com
92,Avantatge,Victoriano Sancho Llanos,dcoppit@sbcglobal.net
93,Avantiv,Vicenta Grau Naranjo,teverett@me.com
94,Avantive,Celestino Vidal,rnewman@gmail.com
95,Avocats Alzheimer,Tiburcio Sebastian Vigil Poza,wsnyder@yahoo.ca
96,Avvocati di Alzheimer,Modesto de Tena,leviathan@msn.com
97,Axis Varsity,Fabian Casals Granados,bahwi@icloud.com
98,Balade intelligente,Isa Moll Prats,mugwump@aol.com
99,Banc Loop,Reinaldo Pol,gknauss@me.com
100,Banco Loop,Sabas Lerma Martin,codex@yahoo.ca
101,Banco-Schleife,Leire Paniagua Acevedo,vlefevre@outlook.com
102,Base di fuoco,Gabriel Valdes,skythe@att.net
103,Batch,Bautista Dani Talavera Simo,kosact@gmail.com
104,Bayesa,Heliodoro Ba§os Sainz,zavadsky@gmail.com
105,Beads Eyed,Bernarda Simo Vendrell,khris@me.com
106,Beauftragen Sie Kunstproduktionen,Vasco Polo Ba§os,empathy@msn.com
107,Bee Auto Agància,Carina Conesa Romero,blixem@verizon.net
108,Bee Auto Agency,Camilo Gutierrez Soto,madler@comcast.net
109,Beethoven,Domitila de Galvez,ccohen@yahoo.com
110,Bezahnli,Piedad Camino Manso,pjacklam@live.com
111,Biene Autoagentur,Noemi Nogues Carrillo,quantaman@icloud.com
112,Big Backup Space,Chita Pazos Revilla,zeller@msn.com
113,Big Pktt Cnc,angeles Escribano Abad,jdray@outlook.com
114,Biomotivar,Reyes Cordoba Folch,rafasgj@verizon.net
115,Biomotivare,Alma Bonet Alberola,lauronen@outlook.com
116,Biomotivate,Tania Catalan Galvan,tbeck@icloud.com
117,Biomotiver,Estefania angel,thassine@icloud.com
118,Biomotivieren,Gil Martin,eminence@sbcglobal.net
119,Bk Fechtverein,Vito Mesa-Ayala,catalog@mac.com
120,Bk Fencing Club,Concepcion Ayuso,gbacon@mac.com
121,Blaugebohrt,Dionisia Peinado,graham@att.net
122,Bluedrilled,Flora Vila Cardona,carroll@yahoo.ca
123,Bluefin Systems,Odalys Zoraida Vazquez Peiro,studyabr@live.com
124,Bluefin-Systeme,Iris Quevedo Piquer,chunzi@optonline.net
125,Boa mobilidade urbana,Sebastian de Camps,matty@yahoo.ca
126,Bona mobilitat a la ciutat,Jesusa Molins,odlyzko@gmail.com
127,Bonne mobilite urbaine,Eric de Briones,timlinux@icloud.com
128,Bosc Ventos,Mariana Alvarez-Roca,rcwil@sbcglobal.net
129,Botta Think,Monica Barco,matty@yahoo.com
130,Boucle Banco,Edelmira Robledo-Urrutia,vertigo@icloud.com
131,Boucle de travail,Anselma Orozco-Pujadas,dvdotnet@comcast.net
132,Brandovento,Josue Macias Llorens,mailarc@comcast.net
133,Brante Glass,Candelas Mena Llabres,michiel@icloud.com
134,Brante vetro,Gabriel del Tomas,mbrown@msn.com
135,Brante-Glas,Anselmo de Casares,lydia@outlook.com
136,Bremco,Ciro Cayetano Tolosa Miralles,atmarks@outlook.com
137,Brimstone,Modesta de Corominas,druschel@optonline.net
138,Bt Nord,Morena Gordillo-Franco,moinefou@yahoo.ca
139,Bt Norte,Encarnita Gilabert Nebot,chinthaka@comcast.net
140,Bt North,Diego Almansa Morata,hyper@optonline.net
141,Bucle de treball,Maria Dolores Mirta Landa Pelaez,chrisj@mac.com
142,BÅgeluhren,Sabina I§iguez Alberto,carmena@me.com
143,Buona mobilitÖ cittadina,Maximo Tirado,twoflower@verizon.net
144,Buzz Digital,Rodrigo Lastra Arco,rasca@mac.com
145,Buzz digitale,i§igo Donaire Peiro,hellfire@comcast.net
146,Buzz numerique,Ainoa Haro,dprice@verizon.net
147,Cadeira de laboratorio,Amilcar Valls Sancho,pontipak@icloud.com
148,Cadre dactualite numerique,Julian del Guitart,drhyde@live.com
149,Cafe Mîbel,Elias Pujol Otero,dkeeler@icloud.com
150,Cafe Moveis,Jose Colom Redondo,zyghom@optonline.net
151,Cafeteria Moble,Desiderio Soto Marin,matty@yahoo.com
152,Calibrador,Edelmiro Tena Guerrero,crusader@yahoo.ca
153,Calibrateurforgeron,Jacobo Gomez Hernandez,bmidd@sbcglobal.net
154,Calibratore,Bibiana del Moran,sartak@outlook.com
155,Calibratorsmith,Inocencio Bejarano Marmol,wmszeliga@mac.com
156,Camale∆o,angela Aramburu Palmer,kalpol@outlook.com
157,Camaleo,Amor Espinosa Rivas,kingjoshi@verizon.net
158,Camaleonte,Panfilo Villalobos Villar,klaudon@verizon.net
159,Cameleon,Che del Ya§ez,druschel@live.com
160,Canvi de pensament,Trinidad Valencia Pablo,ramollin@msn.com
161,Career By Space,Brigida Rocamora Calvo,mglee@hotmail.com
162,Carglo Carlo,Cayetana del Menendez,ralamosm@me.com
163,Carlo Carlo,Celso de Somoza,wildfire@msn.com
164,Caron Management,Macaria de Santamaria,mavilar@msn.com
165,Caron-Management,Lorenza Jodar Gascon,boser@yahoo.ca
166,Carreira por espaáo,Francisca Solsona Olmedo,marin@aol.com
167,Carrera per espai,Agustina de Infante,odlyzko@live.com
168,Carrers Ez,Kike Camino Armengol,rkobes@me.com
169,Carretera Ciutat dabus,Etelvina del Marquez,hling@yahoo.com
170,Carriera per spazio,Jenny Palomares Baena,stecoop@att.net
171,Carriere,Pascual Aurelio Ca§as Ponce,gommix@comcast.net
172,Carriäre,Mauricio Cuervo Lluch,catalog@optonline.net
173,Carriäre par espace,Ruy i§igo Olmedo Dominguez,bjornk@hotmail.com
174,Casa del Transmondo,Maria Manuela Asensio-Mu§iz,claesjac@icloud.com
175,Casa Robot,Arturo Iborra,natepuri@hotmail.com
176,Casa Robotank,Aranzazu Morillo Berenguer,starstuff@aol.com
177,Casa Vannini,Asuncion Real Vilaplana,uraeus@hotmail.com
178,Cat51,Graciana Juan Llorente,pemungkah@gmail.com
179,Catexc,Roman del Lago,pjacklam@me.com
180,Cathexc,Ricarda Alarcon Barco,dimensio@optonline.net
181,Catr,Adan Bernad,hakim@yahoo.com
182,Century Associates,Ariel Guerrero Torrent,scitext@msn.com
183,ChamÑleon,Adriana Llanos Posada,kjetilk@me.com
184,Chameleon,Jose Antonio Moles,samavati@verizon.net
185,Chaque bon bon apräs Logo,Hilda Mesa Maldonado,gknauss@icloud.com
186,Chave mestra,Marisela de Goicoechea,wagnerch@me.com
187,Cherrywood,Regina Blanca-Rico,sinkou@optonline.net
188,Chiave maestra,Sonia Isabel Trillo Lasa,muadip@msn.com
189,Chromatica,Eleuterio Torres,tattooman@icloud.com
190,Chromatique,Consuela Bas Solera,guialbu@att.net
191,Ciclo de trabalho,Camilo Nicolas Canet Farre,wayward@sbcglobal.net
192,Ciclo di lavoro,Leocadia de Azorin,phizntrg@outlook.com
193,Cidade de Lyon,Manolo Giralt Valles,wiseb@att.net
194,Cidade de Revelstoke,Fidel Pascual Fernandez,lridener@live.com
195,Ciäncia il˙limitada,Anna Montoya Dalmau,ranasta@att.net
196,Ciància sem limites,Nadia Maite Roldan Sacristan,yfreund@aol.com
197,Cirerer,Reynaldo Rossello Sosa,fairbank@outlook.com
198,CittÖ Di Abus Road,Abigail Planas Estevez,webteam@yahoo.com
199,CittÖ Di Lione,Iris Valera Santiago,biglou@comcast.net
200,CittÖ di Revelstoke,Ana Belen Martinez Cuellar,melnik@me.com
201,City Of Guilmet,Trinidad Cobo Marmol,joelw@outlook.com
202,City Of Lyon,Juan Bautista Jesus Gibert Alcazar,drolsky@hotmail.com
203,City Of Revelstoke,Rico Mayo,roamer@verizon.net
204,Ciutat de Lio,Anacleto Collado Figueroa,eimear@msn.com
205,Ciutat de Revelstoke,Adalberto Ortiz Melendez,fukuchi@yahoo.com
206,Clapbon,Rosaura Sans Pe§as,madanm@mac.com
207,Claris,Marcial Carbajo Lorenzo,snunez@me.com
208,Clarisse,Ulises Valero Clemente,eabrown@sbcglobal.net
209,Clau mestra,Lilia Barriga-Palacio,purvis@yahoo.ca
210,Cle de securite,Perlita de Moraleda,brickbat@live.com
211,Clearcad,Tecla Cerdan Novoa,matthijs@gmail.com
212,Clever Ride,Quique Segui-Amador,yzheng@mac.com
213,Clevere Fahrt,Geronimo Escriva Riba,kramulous@live.com
214,Clothesopolis moderna,Bienvenida Filomena Nu§ez Bautista,jramio@comcast.net
215,Club di scherma Bk,Lucas Ramirez Casado,blixem@att.net
216,Codigraphics,Luisa Eva Maria Guitart Exposito,keijser@yahoo.ca
217,Coinvolgi le produzioni artistiche,Rodrigo Agustin Blanes,rcwil@verizon.net
218,Coixins amb volants,Fulgencio avila Castellanos,cisugrad@comcast.net
219,Companyreo,Maria Pilar Jodar Gomez,kwilliams@icloud.com
220,Connect Lab,Almudena Barragan Valentin,josephw@mac.com
221,Connectlab,Rebeca de Grande,bartak@att.net
222,Conseil DV,Zoraida Cuesta Peiro,jgoerzen@me.com
223,Conseils Omp,Soledad Ros Agustin,seanq@hotmail.com
224,Constructeurs Goykay,Tiburcio Ramon Salom,hampton@att.net
225,Constructors Goykay,Noe Leon I§iguez,parksh@att.net
226,Construtores de Goykay,Salud Larrea alvaro,treit@optonline.net
227,Consulenti Gfr,Ezequiel Cortina Jodar,overbom@mac.com
228,Consulenza Dv,Ruben Pino,aglassis@msn.com
229,Consulenza Omp,Pia Perlita Pina Valles,ilyaz@yahoo.com
230,Consultoria de desenvolvimento,Reyna Villalobos Oller,jguyer@live.com
231,Consultoria DV,Alejandra Vega Martinez,teverett@mac.com
232,Consultoria Omp,Albert Revilla Lillo,codex@yahoo.com
233,ContabilitÖ Sol,Rosalina Castejon Rius,ganter@icloud.com
234,Controlador,Abraham Espejo,bdthomas@mac.com
235,Contrìleur,Viviana Constanza Morante Mateo,pizza@gmail.com
236,Controllore,Ale Espa§a Tejera,jmcnamara@icloud.com
237,Core Solution,Anita del Borja,nelson@me.com
238,Corsa intelligente,Adan Cabeza Uria,damian@live.com
239,Cosç fazioso,Domingo Canet-Llorente,mjewell@optonline.net
240,Costruttori di Goykay,Abraham Mate Moya,kludge@mac.com
241,Cq es in Katar,Cintia Corbacho Luz,rwelty@att.net
242,Cq It A Qatar,Leticia Iglesias-Carretero,gfxguy@icloud.com
243,Cq It Au Qatar,Angelica Purificacion Vallejo Huerta,jguyer@hotmail.com
244,Cq It In Qatar,Heliodoro Luis-Poza,sarahs@verizon.net
245,Cq It No Catar,Obdulia Ainara Pinedo Bravo,killmenow@yahoo.ca
246,Creative Solution,Pascuala Linares Manso,mhassel@att.net
247,Crius.ai,Manu Fernandez,raides@yahoo.com
248,Cromatica,Saturnina Armengol Juarez,kmiller@outlook.com
249,cromatica,Gilberto Acevedo Vallejo,godeke@yahoo.ca
250,CromÖtica,Santiago Benitez Almeida,catalog@aol.com
251,Crosstraining,Tecla de Manuel,curly@icloud.com
252,Cross-Training,Hermenegildo Barranco Iriarte,eminence@msn.com
253,Crowdpool - Fse Cx,Flor Cabrera Casares,boftx@me.com
254,Csw Resources,Pepita Prats Torrens,fudrucker@mac.com
255,Csw-Ressourcen,edgar Bautista Hervia,isotopian@yahoo.ca
256,Cuscini Frilly,Olalla Mendez Chamorro,wbarker@yahoo.ca
257,Datapulse,Eva Renata Dominguez Gabaldon,enintend@att.net
258,Datawrite,Gala Millan Ribera,payned@mac.com
259,Datenpuls,Eulalia Salome Baena Uribe,crimsane@att.net
260,Dc Furniture,Jeremias de Amor,scottlee@icloud.com
261,Dc Mobles,Noemi Gelabert Benitez,tattooman@mac.com
262,DC-Mîbel,Climaco aguila Sosa,ducasse@verizon.net
263,Deboover,Artemio Montes Bautista,tubajon@sbcglobal.net
264,Deboovers,Desiderio Balaguer Bartolome,uraeus@gmail.com
265,Debugger,Esteban Galan Buendia,ninenine@live.com
266,Deltavita,Abraham Giron-Soler,mallanmba@yahoo.ca
267,Denkverschiebung,Genoveva Tello,improv@msn.com
268,Der Home-It-Service,Tatiana del Aguado,kannan@yahoo.com
269,Der Rotary-Club,Debora Arroyo Pastor,barnett@comcast.net
270,Desenvolupament Ahiyo,Estrella Rosalina Riquelme Sevillano,jshirley@outlook.com
271,Desenvolvimento Ahiyo,Valentina Felisa Morillo Ca§ete,haddawy@att.net
272,Desenvolvimento de TI terceirizado,Adelia Alcaraz Soria,joglo@me.com
273,Designs do Adview,Anunciacion Pe§as,earmstro@att.net
274,Developpement Ahiyo,Rufino Adrian Reina Gordillo,andersbr@yahoo.com
275,Devops,Julian Rivero Baron,noahb@hotmail.com
276,Diamond Wein und Spirituosen,Cleto Capdevila,kronvold@icloud.com
277,Diamond Wine And Spirits,Custodio Agullo Escudero,boomzilla@att.net
278,Die andere Seite,Antonio Herberto Carrera Zapata,brickbat@optonline.net
279,Digdens Ice Cream,Crescencia Higueras Roldan,elmer@live.com
280,Digdens-Eis,Teresita Sobrino Palomares,rogerspl@msn.com
281,Digiitera,Godofredo Aviles Hernando,lukka@sbcglobal.net
282,Digital DinÉmico,Natalia Sola Solano,raides@verizon.net
283,Digital em Foco,Heliodoro Roura angel,richard@sbcglobal.net
284,Digital Mantra,Pascual Manso Roldan,wilsonpm@verizon.net
285,Digital Newsframe,Ainara Feijoo Monreal,overbom@icloud.com
286,Digital Tactics,Ruth Cifuentes Sevilla,farber@comcast.net
287,Digitale Dinamico,Roberta Carlota Boada Vara,murty@msn.com
288,Digitale Taktik,Rocio Salgado Palomo,crowl@mac.com
289,Digitaler Newsframe,Viviana Bello Alberdi,ribet@hotmail.com
290,Digitales Mantra,Ariel Toro Corbacho,fmerges@msn.com
291,Dinamica Alegra,Adan Larrea Roig,chinthaka@me.com
292,DinÖmica Digital,Estefania Uribe Agullo,mhassel@att.net
293,Dinamica Walna,Luciana de Salinas,miami@msn.com
294,DinÖmica Walna,Julian Ruiz-Badia,jfinke@verizon.net
295,Direccio Mrzio,Luisina Higueras-Clavero,jshirley@verizon.net
296,Disegni di Adview,Candelario Vallejo-Arteaga,caronni@optonline.net
297,Dissenys Adview,Violeta Buendia Barcena,djupedal@gmail.com
298,Domotica,Rosalina Jaume Rovira,weazelman@hotmail.com
299,Domïtica,Regina Rosa Macias,formis@live.com
300,Doso,Zaira Tamarit Atienza,kwilliams@gmail.com
301,Dv Consulting,Lorenza Badia Calvet,miltchev@live.com
302,DV-Beratung,Jose Manuel Plaza Izaguirre,richard@me.com
303,Dynamical Digital,Esperanza Pareja Puente,grady@mac.com
304,Dynamique Walna,Iban Barcelo alamo,sekiya@yahoo.com
305,Dynamisches Digital,Hector Izaguirre Donoso,mugwump@att.net
306,E2recordscom,Ale Campoy Saura,manuals@msn.com
307,Echo Digital,Luis angel Llanos Benavente,chrwin@live.com
308,Eficiente,Ezequiel Zamora Alegre,tellis@gmail.com
309,Eilis Enterprises,Rafa Giner Bastida,munson@gmail.com
310,Eilis Imprese,Gaspar Riba,tangsh@me.com
311,Eilis Unternehmen,Sonia Macias Palomares,nogin@live.com
312,Einfache Maschinen,angela Pozo,hutton@hotmail.com
313,Einmalige Rolle,Maria Jose Madrid Campillo,tezbo@me.com
314,Einssiebenwesten,Herminia Polo Ayllon,avalon@outlook.com
315,El mon de Matsuri,Luis angel Montenegro-Cozar,sriha@verizon.net
316,El Rotary Club,Candela de alvarez,noahb@icloud.com
317,El Servei Home It,Antonio Pardo-Bilbao,burniske@sbcglobal.net
318,Ele comeu,Ale Gabaldon Estrada,khris@outlook.com
319,Empreses Eilis,Maximino Figueras,ntegrity@hotmail.com
320,Emu Edum,Brigida Guijarro Melendez,grothoff@me.com
321,Emó Edum,Camilo del Chico,kawasaki@mac.com
322,En amont,Jose Antonio Saturnino Castilla Castello,ilyaz@verizon.net
323,Engage Art Productions,Adora del Juarez,nighthawk@att.net
324,Engenharia Psi,Epifanio Ariza Barragan,jfmulder@verizon.net
325,Engenheiros Lbr,Teodosio Benet Samper,gamma@live.com
326,Enginyeria Psi,Maria Amaro Moreno Reyes,leocharre@mac.com
327,Entrenament creuat,Edelmiro Alcolea Castells,catalog@hotmail.com
328,Entreprisereo,Saturnina Ribas Jimenez,amcuri@yahoo.com
329,Entreprises Eilis,Eloisa Baro,dwendlan@sbcglobal.net
330,Enxofre,Jimena Llanos Hierro,multiplx@att.net
331,Equip Esports,Heliodoro Aguilo Pardo,jgoerzen@gmail.com
332,Er a·,Renata Nicolau Pe§as,fmerges@msn.com
333,Erborista terribile,Mariano de Aguilar,plover@comcast.net
334,Erva Terrivel,Aurelio Campillo Alberola,devphil@me.com
335,Es ist technisch,Otilia Manso,budinger@att.net
336,Esport di squadra,Haroldo Dieguez Llopis,magusnet@icloud.com
337,Esportes de bicicleta de estrada,Odalys Serafina Conde Llado,kewley@yahoo.com
338,Esportes de equipe,Jose Ramon Juan Antonio Macias Pinedo,damian@mac.com
339,Esportes de vis∆o,Bernardino Joaquin Aguirre Carmona,jbailie@msn.com
340,Esports amb bicicleta de carretera,Pablo Rojas,skaufman@optonline.net
341,Esports d'equipe,Cayetano Palau Ni§o,lamky@optonline.net
342,Esternalizzare lo sviluppo,Milagros Fonseca Mendez,emmanuel@me.com
343,Estrada Cidade de Abus,Sabina Baro Ariza,marin@icloud.com
344,Estradas de Ez,Leopoldo del Mulet,carcus@yahoo.ca
345,Every Good Good After Logo,Vilma de Rosado,maratb@att.net
346,Everything Beddbfty,Plinio Garcia,kosact@hotmail.com
347,Externaliser le developpement informatique,Gabino Iglesias Minguez,delpino@hotmail.com
348,Externalitzar el desenvolupament,German Llopis Aranda,dgatwood@comcast.net
349,Eyerainloop,Ester Llanos Sanmartin,agolomsh@me.com
350,Ez Roads,Octavia del alvaro,jmorris@mac.com
351,Ez Strade,Noa Corbacho Becerra,dalamb@optonline.net
352,Ez-Stra·en,Victor Manuel Anguita Cabrero,benits@gmail.com
353,Fabbrica 2cv,Paco Mu§iz Becerra,dpitts@verizon.net
354,Fabbrica di marmellata industriale,Ezequiel de Sanmiguel,smartfart@msn.com
355,FÖbrica de 2cv,Melchor Barbera Rey,gemmell@msn.com
356,Fabrica de geleia industrial,Toribio Maestre Cueto,mbrown@sbcglobal.net
357,FÖbrica de melmelada industrial,Ariel alvaro,kjetilk@att.net
358,Faáa isso,Milagros Gallart Conesa,druschel@yahoo.com
359,Fare cosç,Clarisa Soriano Lumbreras,uncle@yahoo.com
360,Fercussir,Epifanio Roldan Bautista,firstpr@att.net
361,Ferkussir,Aroa Cazorla-Villar,eurohack@live.com
362,ferreiro calibrador,Isabela Noguera,mavilar@mac.com
363,Fes-ho,Teofila Prat-Valls,hedwig@outlook.com
364,Finance Api,Eulalia del Galindo,animats@mac.com
365,Finanza Api,Lucio Morata-Villalobos,eurohack@yahoo.ca
366,Finanz-API,Ramon Tome Pont,jgmyers@verizon.net
367,Firebase,Marco de Casal,agolomsh@outlook.com
368,Firmareo,Sara del Lastra,matty@aol.com
369,Floresta dos Ventos,Lucas Lara-Losa,msherr@yahoo.com
370,Folha de pagamento de Phoenix,Ambrosio Gabriel Aranda Solis,sekiya@outlook.com
371,Foresta ventosa,Teodoro Osorio Carpio,hllam@outlook.com
372,Foràt venteuse,Agapito Figueroa-Pavon,temmink@att.net
373,Freude,Pascuala Coronado,camenisch@hotmail.com
374,Frilly Pillows,Benigna Berenguer Palacio,valdez@me.com
375,Fuji 2g,Panfilo Olmo-Segura,dsowsy@live.com
376,Fuji da 2 g,Roldan Aparicio Recio,wortmanj@icloud.com
377,Fuji de 2 grams,Paloma Alberto Morell,mlewan@outlook.com
378,Furniture Cafe,Trini Quiros Ferrero,mjewell@mac.com
379,Fusia della sponda settentrionale,Martin Arroyo Bermudez,sartak@me.com
380,Game Flip (ateler Systems),alvaro Cortina Peralta,juliano@att.net
381,Game Flip (sistemas de atelià),Adela Go§i Oliva,staffelb@sbcglobal.net
382,Game Flip (systämes datelier),Gustavo Oliva Tamarit,biglou@yahoo.com
383,Garage Services,Monica Molina-Perez,reeds@me.com
384,Garagendienste,Celso Carranza Lillo,yfreund@me.com
385,Gatto pazzo,Celestino Matas Iriarte,bowmanbs@hotmail.com
386,Gelato Digdens,Florentino Amor-Varela,uraeus@yahoo.ca
387,General,Piedad Quesada Mancebo,rmcfarla@att.net
388,Generite Labs,Daniel Soriano-Mesa,adamk@live.com
389,Genrali,Victor Manuel del Castilla,duchamp@sbcglobal.net
390,Gest∆o Caron,Chuy Gutierrez Batlle,raides@outlook.com
391,Gestio Caron,Xiomara Serna,stewwy@mac.com
392,Gestion Caron,Xiomara Cabrero Suarez,dkeeler@comcast.net
393,Gestione Caron,Gustavo Jeronimo Carvajal Sancho,xnormal@live.com
394,Gfr Consultands,Florentino Amat Mancebo,twoflower@outlook.com
395,Ginezoft,Natalia Mu§oz Anaya,baveja@outlook.com
396,Giocatore,Primitiva Casares Ruano,timlinux@verizon.net
397,Gioco Flip (sistemi di ateler),Moises Malo Merino,brainless@aol.com
398,Gioia,Bernardino del Cruz,muzzy@yahoo.com
399,Global neu codieren,Leticia del Toro,arandal@icloud.com
400,Goautomatch,Fermin Amor Pi§a,burns@aol.com
401,Goggynet,Prudencio Rio Rodriguez,shrapnull@optonline.net
402,Good City Mobility,Heriberto Velasco,frode@mac.com
403,Goykay Builders,Luisina Flores Olive,msusa@outlook.com
404,Goykay-Bauherren,Palmira Gallego Rodriguez,zyghom@comcast.net
405,Gran espai de cïpia de seguretat,Sigfrido Delgado Jara,munjal@mac.com
406,Grand espace de sauvegarde,Climaco Teobaldo Fuente Cobos,jelmer@me.com
407,Grande espaáo de backup,To§o Acevedo Robles,danny@outlook.com
408,Grande spazio di backup,Magdalena Morcillo,jlbaumga@icloud.com
409,Grandi disegni,Gerardo Goicoechea Osorio,haddawy@sbcglobal.net
410,Grands dessins,Ricarda de Mayoral,atmarks@verizon.net
411,Grans dissenys,Narcisa Camino Sevilla,luebke@aol.com
412,Great Designs,Luis Barcena Navas,ranasta@aol.com
413,Grenzenlose Wissenschaft,Abilio Botella-Sierra,iamcal@gmail.com
414,Grokzeer,Victor Puente,ilial@gmail.com
415,Gro·er Backup-Speicherplatz,Sofia Jimenez Soriano,wbarker@hotmail.com
416,Groupe Labora,Gerardo Pellicer Montserrat,pkplex@gmail.com
417,Grup Labora,Lorena Robledo,tbmaddux@sbcglobal.net
418,Grupo Labora,Gaspar Alsina Orozco,darin@hotmail.com
419,Gute StadtmobilitÑt,Roberta Nicolas,danzigism@mac.com
420,Ha mangiato,Petrona Lujan Corral,dvdotnet@msn.com
421,Ha scosso 4 bambini,Che Manuel Bello,noahb@gmail.com
422,HauptschlÅssel,Maricruz Barcelo Rebollo,wonderkid@icloud.com
423,Heate,Fabricio Barrera Nu§ez,msherr@me.com
424,Heimautomatisierung,Ascension Borrego Perea,wenzlaff@comcast.net
425,Home Automation,Ruperta Dieguez Rosales,carroll@live.com
426,Homeco Industries,Socorro Pinedo Millan,thaljef@hotmail.com
427,Homeco-Industrien,Curro Eugenio Arana Gomez,wilsonpm@gmail.com
428,Hypergraph,Cintia Neira SalvÖ,mugwump@att.net
429,Hyperlocalis,angeles Garriga Garriga,goldberg@comcast.net
430,Hyperlokalis,Romulo Herranz-Gallart,munge@yahoo.ca
431,I3i Software,Pepe Cid,grossman@msn.com
432,Iacm,Adriana SalvÖ,jkegl@icloud.com
433,Ijmall,Eusebia Pe§alver Abellan,fudrucker@aol.com
434,Il a mange,Benita Elorza-Leal,clkao@aol.com
435,Il libro paga di Phoenix,Julian Sole Maestre,teverett@optonline.net
436,Il mondo di Matsuri,Jose Antonio del Ferrer,lauronen@outlook.com
437,Il Rotary Club,Santiago Diaz Reina,torgox@verizon.net
438,Il servizio a domicilio,Calixto Blas Segarra Galindo,pgottsch@live.com
439,Ilha Impacex,Felicia Sonia Sotelo Sanchez,notaprguy@comcast.net
440,Ill Consulting,Ramona Riquelme Cuenca,offthelip@outlook.com
441,Illa Impacex,Juan Francisco de Morante,intlprog@yahoo.com
442,Imballaggio Kent,Melchor Feijoo Garrido,knorr@icloud.com
443,Impacex de l'åle,Ruth Cano Casanova,scarolan@yahoo.ca
444,Impact d'equipe,Macaria Benito Armengol,ebassi@msn.com
445,Impacte de l'equip,Nilda Amat Julia,munge@msn.com
446,Impacto da equipe,Lupe Mas-Cardenas,josem@hotmail.com
447,Impalafabbrica,Rafaela de Collado,nacho@yahoo.ca
448,Impalafabrik,Urbano Gomez Atienza,kourai@verizon.net
449,Impalafactory,Anastasio Saenz Ya§ez,kramulous@hotmail.com
450,Impatto di squadra,Marc Pelayo Rovira,aegreene@att.net
451,Impulsion de donnees,Nacho Cerdan-Vilalta,subir@aol.com
452,Inca,Lucia Esparza Palomo,fwitness@verizon.net
453,Inccan,Marciano Quevedo Pacheco,frode@me.com
454,Inckan,Mario del Fonseca,jimxugle@mac.com
455,Industrie Homeco,Lourdes Renata Izquierdo Nu§ez,kostas@yahoo.ca
456,Industrielle Marmeladenfabrik,Alfredo Pi§eiro Malo,dpitts@live.com
457,Infineramic,Etelvina Clavero Malo,bigmauler@optonline.net
458,Infineramico,Ulises de Company,schumer@optonline.net
459,Infineramisch,Romulo Salmeron Carre§o,grossman@yahoo.ca
460,Infocus Digital,Teresita Pol Escalona,mallanmba@me.com
461,Ingegneria Psi,Bernardo Fabregat Pombo,pajas@yahoo.com
462,Ingenierie psi,Feliciano del Huguet,hstiles@optonline.net
463,Ingenieurs Lbr,Abilio Feliciano Carrillo Lerma,fglock@gmail.com
464,Inka,Juanita Mugica Diez,choset@me.com
465,Insel Impacex,Hernan Duque,munge@mac.com
466,Intercidades,Dionisio Guerrero Castro,tmaek@yahoo.com
467,Intercites,Marisela Giron Exposito,greear@att.net
468,Intercities,Clarisa Abril Tudela,jbarta@comcast.net
469,Intercity,Sara Corominas Blanca,wbarker@sbcglobal.net
470,Interciutats,Elba Ferrera Colomer,evilopie@gmail.com
471,investissementc,Merche Arenas-Pareja,ntegrity@gmail.com
472,Ipergrafo,Ascension Ugarte Tomas,aardo@mac.com
473,Iperlocali,Cruz Aroca-Cozar,xtang@mac.com
474,Isl Consulting,Regulo del Pou,fudrucker@yahoo.com
475,Island Impacex,Palmira Solis Murcia,sacraver@outlook.com
476,Isll Consulting,Cosme Ros Manzanares,martyloo@optonline.net
477,Isll Consultoria,Javiera del Aparicio,noticias@me.com
478,Isola Impacex,Francisco Jose Carnero Noguera,lbaxter@att.net
479,Isole Magentrapt,Victor Manuel Fermin Malo Canovas,agolomsh@gmail.com
480,It Analytics Team,Chelo Casanova,shazow@aol.com
481,Itchlo Digital,Aaron Cesar Posada Pintor,gward@me.com
482,Itchlo digitale,Julia Oliveras Borja,report@optonline.net
483,Itchlo numerique,Leandra Olivia Leal Maza,lcheng@att.net
484,IT-Entwicklung auslagern,Nestor Milla,caidaperl@yahoo.com
485,Iti Technical,Candelas Romero,kourai@gmail.com
486,Iti technique,Marc Canales Monreal,evans@yahoo.com
487,Iti Täcnic,Calixta Pallaräs,jamuir@hotmail.com
488,Iti tecnico,Ascension Gutierrez Dominguez,fukuchi@me.com
489,Ives Ives Ives,Maite Vargas Roldan,erynf@sbcglobal.net
490,Jack Donnelly Hyundai,Nazario Diego Pallaräs Benavides,darin@live.com
491,Jahrhundert Partner,Ildefonso Sola Jordan,mcnihil@live.com
492,Jam Factory Industrial,Marcelino Nu§ez Tolosa,neuffer@optonline.net
493,Jedes gute gute nach dem Logo,Juanita del Falcon,nicktrig@verizon.net
494,Jogador,Amado Sarmiento Diez,oracle@msn.com
495,joie,Maristela Ponce,zyghom@aol.com
496,Joueur,Francisco Jose Carranza,mglee@gmail.com
497,Joyance,Heraclio Franco Vila,jorgb@aol.com
498,Jugador,Cornelio BauzÖ Alberola,dunstan@att.net
499,Just Simple Insurance,Narcisa Franco,chance@outlook.com
500,Kalibratorschmied,Francisca Maria Rosado Serna,jadavis@aol.com
501,Karriere durch Raum,Carina Pacheco Roma,forsberg@yahoo.com
502,Kat,Juana Minguez-Bertran,harpes@mac.com
503,Kat51,Florencia Saenz Bas,tokuhirom@msn.com
504,Kath,Leopoldo Mateu-Villalba,hikoza@yahoo.com
505,Kent Packaging,Adela Torrecilla,gtewari@sbcglobal.net
506,Kent-Verpackung,Celia Acero-Lastra,adhere@me.com
507,Kern,Augusto Toro Santamaria,notaprguy@comcast.net
508,Kernlîsung,Marisol Cuesta Aguilar,dobey@live.com
509,Key Security,Maria Dolores Aguilar Silva,linuxhack@att.net
510,Key Technology,Leocadio Ramirez Segarra,parrt@optonline.net
511,Kingkenny Hire,Nazaret del Nieto,mugwump@verizon.net
512,Kingkenny mieten,Jesusa Coll Prats,szymansk@icloud.com
513,Kirschholz,Francisco Aznar Becerra,fairbank@hotmail.com
514,KI-Systeme,Fernando Aleman-Alcala,sbmrjbr@live.com
515,Koncept Usa,Jonatan Eutropio Higueras Rey,daveed@gmail.com
516,Kontroller,Adelina Valls Canet,fraterk@me.com
517,Kontrolleur,Felix Sola,raides@outlook.com
518,Konzept USA,Jenaro del Ferrero,stomv@me.com
519,Kreative Lîsung,Magdalena Eva Maria Mosquera Delgado,jguyer@yahoo.ca
520,La moderna Clothesopolis,Nico avila,jsnover@att.net
521,Labochair,Amor Blazquez Pizarro,ehood@msn.com
522,Laboratoires Saatchi,Macarena Eufemia Llanos Herrera,tezbo@aol.com
523,Laboratori generici,Donato Peralta Araujo,neuffer@comcast.net
524,Laboratori Saatchi,Maria Jose Miranda Llano,scotfl@sbcglobal.net
525,Laboratorios Generite,Nilda Amaya Guitart,salesgeek@sbcglobal.net
526,Laboratoris Saatchi,Claudia Amaya Medina,adillon@gmail.com
527,Laborstuhl,Luisa Arellano-Gutierrez,miyop@verizon.net
528,Laltra banda,Azucena Arnaiz Beltran,avalon@outlook.com
529,Laltra parte,Guillermo Pe§as,steve@me.com
530,Lautre cìte,Leon Cuadrado Perales,stomv@outlook.com
531,Lbdoocommerce,Inmaculada Cespedes,chrwin@yahoo.com
532,Lbr Engineers,Aaron Aparicio Becerra,madler@gmail.com
533,Lbr Enginyers,Rosalia Rubio Donaire,dhwon@icloud.com
534,Lbr Ingegneri,Marina Sedano Pujadas,mnemonic@yahoo.ca
535,Lbr Ingenieure,Calisto Enriquez Galvan,monkeydo@comcast.net
536,Le Rotary club,Nilda Ana Bejarano Bernad,philb@mac.com
537,Le service informatique Ö domicile,Elba Candela Galindo Solis,frikazoyd@aol.com
538,Learnig,Pepito Catala-Ni§o,elmer@verizon.net
539,Legno di ciliegio,Nilo Colom Artigas,telbij@att.net
540,Lemdevic,Miguela del Sanmartin,caronni@msn.com
541,Lewiskraft,Remedios Estefania Montesinos Ponce,tsuruta@verizon.net
542,Limitless Science,Onofre Caro Guillen,bryam@icloud.com
543,Lloguer de Woodside,Leandra Arranz Viana,ghost@msn.com
544,Location de bois,Adan Vilanova,rfisher@outlook.com
545,Location Kingkenny,Tadeo Tomas Aller,bader@me.com
546,Logica,Susanita Cortes Diego,cosimo@msn.com
547,Lïgica,Maria Manuela Sola Jover,agolomsh@live.com
548,Logica de otimizaá∆o,Clemente Barbera-Cuesta,mddallara@sbcglobal.net
549,Logica di ottimizzazione,Marcelo Loreto Zabaleta Coello,ylchang@verizon.net
550,Lïgica d'optimitzacio,Valeria Caballero Mur,rattenbt@att.net
551,Logicba,Claudia Valderrama Cerro,pappp@comcast.net
552,Logiciel d'equipe,Rosalva Tenorio Carmona,jeteve@outlook.com
553,Logiciel Smartworld,Salud Llorens-Carro,mthurn@comcast.net
554,Logikba,Celestino Adadia Serna,cantu@comcast.net
555,Logique,Octavia Arnau Rosales,bmorrow@hotmail.com
556,Logique d'optimisation,Benigno Montalban-Mascaro,aprakash@outlook.com
557,Lot,Juan Pablo Castro Rius,munge@outlook.com
558,Lote,Leocadia Valencia-Portillo,emmanuel@yahoo.com
559,Lotto,Basilio Royo Elias,odlyzko@me.com
560,Macchine semplici,Ani Tejada Vicente,dogdude@hotmail.com
561,Madcat,Anita Isaura Pi§a Fonseca,dsugal@icloud.com
562,Madeira de cerejeira,Carmelita Pe§as Mir,feamster@icloud.com
563,Madri,Lucho Ramon Romeu Sabater,skythe@comcast.net
564,Madrid,Ruth Guardia Sevillano,bhtower@msn.com
565,Magenfallen-Inseln,Teo Carreras Prats,wortmanj@yahoo.com
566,Magentrapt Islands,edgar Pablo Infante Alsina,gboss@gmail.com
567,Maison Vanini,Oriana Revilla Perez,shazow@mac.com
568,Manicuri Lee,Macaria Vallejo Folch,carmena@hotmail.com
569,Mantra digitale,Sonia Aller-Aparicio,attwood@comcast.net
570,Manucure Lee,Melania Chaves Corbacho,ullman@me.com
571,Maple Raguarta,Benigno Vi§a-Camacho,sartak@comcast.net
572,March Outbre,Jordana Tellez Gallo,slanglois@yahoo.com
573,Marisa,Concepcion Carre§o Moll,ralamosm@verizon.net
574,Mars Outbre,Porfirio Peinado Garcia,jmmuller@gmail.com
575,MÑrz Outbre,Cruz Donoso Roman,zavadsky@msn.com
576,Marzo Outbre,Hilda Ayllon Batalla,whimsy@msn.com
577,Master Key,Yesica Porcel Pelaez,ralamosm@msn.com
578,Maverick Auto Parts,Amador Bonilla Fonseca,duchamp@optonline.net
579,Maverick Autoteile,Bartolome Dan Lago Corbacho,parrt@msn.com
580,Maxlight Motorsport,Balduino Serra,pgottsch@optonline.net
581,Maxlight Motorsports,Matilde del Catala,enintend@comcast.net
582,Maxlight-Motorsport,Lope Casanova Aragones,kildjean@live.com
583,Menjava,Roldan Leon Mateo Melero,jgmyers@comcast.net
584,Merisier,Fabian Perea Gelabert,johnh@msn.com
585,Metta Statu_cru_lumarn,Erasmo Gibert Quevedo,kosact@sbcglobal.net
586,Metta Status_cru_lumarn,Abraham Torrijos Seco,grdschl@gmail.com
587,Meubles Cafe,Gonzalo Villar Pujol,grady@optonline.net
588,Meubles DC,Jesusa de Cabrero,godeke@aol.com
589,Meussicz,Tere Monreal Botella,stellaau@me.com
590,Millwood vento prolifico,Candelas del Blanca,bastian@me.com
591,Millwood Wind Fruchtbar,Candelario Santos Ferrandiz,firstpr@gmail.com
592,Millwood Wind Prolific,Reinaldo Espejo Casanovas,jfmulder@live.com
593,Miranda Digitale,Pastor Nestor Villa Bermudez,yfreund@me.com
594,Mirgia,Clara Sanjuan Guerrero,pappp@live.com
595,Mise au point numerique,Leonel Jara Torrijos,tjensen@hotmail.com
596,Mobili darte Orman,Teobaldo Cozar Blanch,ateniese@hotmail.com
597,Mobili Dc,Bienvenida Gilabert-Aguilera,benanov@verizon.net
598,Mobiliari UrbÖ,Fidela del aguila,gknauss@mac.com
599,Mobiliario Urbano,Edmundo Andres Reig,specprog@aol.com
600,Mobilier dart d'Orman,Godofredo Marti Bermudez,kronvold@aol.com
601,Mobilier Urbain,Xiomara Fuente Vergara,hllam@aol.com
602,Mobles dart Orman,Heraclio Viana Porcel,onestab@msn.com
603,Moda Supercasa,Fatima Canovas,jsbach@optonline.net
604,Modern Clothesopolis,Eliseo Rodenas Llabres,jimmichie@hotmail.com
605,Moderne Clothesopolis,Jose Mari Planas-avila,smartfart@optonline.net
606,Modes Superhome,Agustin Moliner Fernandez,eidac@mac.com
607,Modgugh,africa Fernandez Calatayud,bebing@att.net
608,Monde de Matsuri,Beatriz Acosta Chico,aegreene@yahoo.com
609,Moveis Artisticos Orman,Mamen Petrona Briones Llorens,marin@live.com
610,Moveis DC,Jose Luis Blazquez Landa,kjetilk@aol.com
611,Mrzio Management,Buenaventura Vallejo Camacho,drhyde@aol.com
612,Mrzio-Management,Jose Manuel Parra Vara,martink@outlook.com
613,Mudanáa de opini∆o,Milagros Casas,bastian@att.net
614,Multilince,Rafa Puerta Santiago,ryanvm@me.com
615,Multiluchs,Francisco Javier del Feijoo,munson@live.com
616,Multilynx,Maria Del Carmen Calista Cazorla Terron,crypt@comcast.net
617,Mundo de Matsuri,Jacinta Quesada Grande,gboss@gmail.com
618,Myrgie,Julie Ni§o Pellicer,boftx@outlook.com
619,Myrgy,Maximino del Prada,dunstan@verizon.net
620,Myvicco,Gisela Balaguer,msusa@optonline.net
621,Myvichco,Joaquin Duarte Lerma,jdhedden@live.com
622,Myvitchco,Rufina Tome Salmeron,mailarc@yahoo.ca
623,Ncube,Hugo Marti,jschauma@outlook.com
624,Nestens,Chelo Acedo-Corominas,heroine@live.com
625,Neue Kultur,Natalio de Aroca,ubergeeb@att.net
626,Neue VR,Dionisia de Amaya,wainwrig@yahoo.com
627,New Culture,Odalys Garcia Roma,dhwon@verizon.net
628,New Vr,Guadalupe de Andreu,okroeger@sbcglobal.net
629,Newsframe digitale,Panfilo Camacho-Coll,gozer@yahoo.ca
630,Nidifica,Fernanda Arcos Tomas,phyruxus@gmail.com
631,Nola Studio,Lope Criado Echevarria,grolschie@outlook.com
632,Nola-Studio,Jacinto Adelardo Rosello Yuste,bhtower@icloud.com
633,Noleggio Kingkenny,Fernanda Tirado Martin,metzzo@icloud.com
634,Nomina Phoenix,Rosalinda Palmer Palau,fmtbebuck@outlook.com
635,North Shore Fusia,Sara Francisco,arathi@gmail.com
636,Nos somos seus,Pedro Juan Antonio Arrieta Fabregas,kramulous@yahoo.com
637,Noticies digitals,Marcela Uria Pe§as,fairbank@me.com
638,Nou Vr,Norberto del Pe§a,skoch@verizon.net
639,Nous sommes Ö vous,Anastasio Iglesias Flores,ijackson@comcast.net
640,Nouvelle culture,Laura Jaen alvarez,jgmyers@yahoo.com
641,Nouvelle realite virtuelle,Maria Belen Arenas-Solis,rohitm@live.com
642,Nova Cultura,Moises Segarra,grothoff@me.com
643,Nova realidade,Alfredo Bravo,oechslin@att.net
644,Noyau,Amada Boada Linares,scottzed@hotmail.com
645,Nucleo,Ramona Dora Marcos Maestre,retoh@me.com
646,Nucleo,Baltasar de Valenciano,starstuff@icloud.com
647,Nucleus,Balduino Pastor Luque,chinthaka@att.net
648,Nucli,Cleto Gargallo Rodrigo,mirod@att.net
649,Numerique dynamique,Noa de Cordoba,sinkou@optonline.net
650,Nuova cultura,Vito Torrents Bellido,grady@comcast.net
651,Nuovo Vr,Alfonso Vinicio Montoya Diaz,bogjobber@verizon.net
652,Nur einfache Versicherung,Rita Moles Roca,muzzy@verizon.net
653,O outro lado,Emilio Zamorano Arce,amcuri@msn.com
654,O Rotary Clube,Amanda Ferrandiz Viana,carreras@icloud.com
655,O serviáo de casa,Azahar Amigo Mateos,rddesign@sbcglobal.net
656,Occhiello,Graciano Ari§o Almansa,gozer@sbcglobal.net
657,Ogni buono dopo il logo,Eloisa Infante Requena,drezet@yahoo.com
658,Olabram,Teodosio Carbo-Cruz,barnett@sbcglobal.net
659,Olhos de miáangas,Beatriz Ruperta Borras Julian,seano@optonline.net
660,Omp Consulting,Matilde Suarez Coronado,hahsler@sbcglobal.net
661,Omp-Beratung,Nicanor Pla Mora,kildjean@hotmail.com
662,One Off Roll,Salomon Mas Rico,geeber@hotmail.com
663,Onesevenwest,Teo Llopis Pi§a,dkrishna@msn.com
664,Online Transport,Susanita Gargallo Domingo,bachmann@comcast.net
665,Online-Transport,Jose Mari Esteban Torres,feamster@yahoo.com
666,Opentis,Simon del Jaen,scarolan@mac.com
667,Optimierungslogik,Pepita Vendrell Rosado,bester@live.com
668,Optimization Logic,Leoncio Ya§ez Grau,temmink@gmail.com
669,Oreillers Ö froufrous,Nayara Leal,jyoliver@me.com
670,Orman Art Furniture,Chita Barco-Aguilera,mirod@live.com
671,Orman Kunstmîbel,Candida del Suarez,scarolan@yahoo.ca
672,Orologi a catena,agata del Colom,wonderkid@verizon.net
673,Orron,Juliana del Cano,andersbr@icloud.com
674,Orron,Esmeralda Company,smcnabb@live.com
675,Orsola Austernbar,Poncio Felix Llamas Folch,cyrus@yahoo.com
676,Orsola Ostrica,Florentina Almansa-Verdugo,animats@optonline.net
677,Orsola Oysterbar,Ani Lobato Casas,garland@verizon.net
678,otimos designs,Eva Maria Garmendia Lloret,stevelim@sbcglobal.net
679,Ouma Technologies,Ale Talavera Soto,seano@me.com
680,Ouma-Technologien,Nicolas Roldan Higueras,yamla@optonline.net
681,Outbre de maráo,Chucho Ortega Varela,crobles@yahoo.ca
682,Outsource It Development,Salome Sales-Torres,petersen@comcast.net
683,Oxxo,Aaron Aparicio Becerra,madler@gmail.com
684,Oxxo,Aaron Cesar Posada Pintor,gward@me.com
685,Oxxo,Abigail Planas Estevez,webteam@yahoo.com
686,Oxxo,Abilio Botella-Sierra,iamcal@gmail.com
687,Oxxo,Abilio Feliciano Carrillo Lerma,fglock@gmail.com
688,Oxxo,Abilio Feliu Gelabert,tezbo@sbcglobal.net
689,Oxxo,Abraham Espejo,bdthomas@mac.com
690,Oxxo,Abraham Giron-Soler,mallanmba@yahoo.ca
691,Oxxo,Abraham Mate Moya,kludge@mac.com
692,Oxxo,Abraham Torrijos Seco,grdschl@gmail.com
693,Oxxo,Adalberto Ortiz Melendez,fukuchi@yahoo.com
694,Oxxo,Adan Bernad,hakim@yahoo.com
695,Oxxo,Adan Cabeza Uria,damian@live.com
696,Oxxo,Adan Larrea Roig,chinthaka@me.com
697,Oxxo,Adan Vilanova,rfisher@outlook.com
698,Oxxo,Adela Go§i Oliva,staffelb@sbcglobal.net
699,Oxxo,Adela Torrecilla,gtewari@sbcglobal.net
700,Oxxo,Adelia Alcaraz Soria,joglo@me.com
701,Oxxo,Adelina Calzada Garate,kenja@aol.com
702,Oxxo,Adelina Valls Canet,fraterk@me.com
703,Oxxo,Adora Bastida Uria,treit@comcast.net
704,Oxxo,Adora del Juarez,nighthawk@att.net
705,Oxxo,Adoracion de Carmona,geekgrl@hotmail.com
706,Oxxo,Adriana Guerrero Gordillo,kwilliams@yahoo.com
707,Oxxo,Adriana Llanos Posada,kjetilk@me.com
708,Oxxo,Adriana SalvÖ,jkegl@icloud.com
709,Oxxo,africa Fernandez Calatayud,bebing@att.net
710,Oxxo,Agapito Figueroa-Pavon,temmink@att.net
711,Oxxo,agata del Colom,wonderkid@verizon.net
712,Oxxo,Agustin Moliner Fernandez,eidac@mac.com
713,Oxxo,Agustina de Infante,odlyzko@live.com
714,Oxxo,Ainara Feijoo Monreal,overbom@icloud.com
715,Oxxo,Ainoa Haro,dprice@verizon.net
716,Oxxo,Ainoa Mesa Saez,evilopie@mac.com
717,Oxxo,Aitor Gallo Gaya,eabrown@mac.com
718,Oxxo,Albert Revilla Lillo,codex@yahoo.com
719,Oxxo,Alcides Porfirio Planas Ure§a,pereinar@live.com
720,Oxxo,Ale Campoy Saura,manuals@msn.com
721,Oxxo,Ale Cerezo,tangsh@live.com
722,Oxxo,Ale Espa§a Tejera,jmcnamara@icloud.com
723,Oxxo,Ale Gabaldon Estrada,khris@outlook.com
724,Oxxo,Ale Talavera Soto,seano@me.com
725,Oxxo,Alejandra Vega Martinez,teverett@mac.com
726,Oxxo,Alex Azorin Ca§ete,sharon@gmail.com
727,Oxxo,Alex Mayol Aparicio,bulletin@mac.com
728,Oxxo,Alexandra del Nieto,corrada@gmail.com
729,Oxxo,Alfonso Vinicio Montoya Diaz,bogjobber@verizon.net
730,Oxxo,Alfredo Bravo,oechslin@att.net
731,Oxxo,Alfredo Pi§eiro Malo,dpitts@live.com
732,Oxxo,Alma Bonet Alberola,lauronen@outlook.com
733,Oxxo,Alma del Canton,teverett@gmail.com
734,Oxxo,Almudena Barragan Valentin,josephw@mac.com
735,Oxxo,Alonso Frias Gamez,arnold@me.com
736,Oxxo,Alonso Marti,gward@icloud.com
737,Oxxo,Alonso Pati§o Rosello,stecoop@att.net
738,Oxxo,alvaro Cortina Peralta,juliano@att.net
739,Oxxo,Amada Boada Linares,scottzed@hotmail.com
740,Oxxo,Amada Conde Rossello,wojciech@hotmail.com
741,Oxxo,Amado Sarmiento Diez,oracle@msn.com
742,Oxxo,Amador Bonilla Fonseca,duchamp@optonline.net
743,Oxxo,Amanda Ferrandiz Viana,carreras@icloud.com
744,Oxxo,Amarilis Acedo Rosales,hikoza@gmail.com
745,Oxxo,Amarilis Torrent Trillo,mhoffman@comcast.net
746,Oxxo,ambar Saenz Agusti,eidac@aol.com
747,Oxxo,Ambrosio Gabriel Aranda Solis,sekiya@outlook.com
748,Oxxo,Americo Gilberto Soria Morcillo,mhoffman@comcast.net
749,Oxxo,Amilcar Valls Sancho,pontipak@icloud.com
750,Oxxo,Amor Blazquez Pizarro,ehood@msn.com
751,Oxxo,Amor Escolano Gargallo,geeber@aol.com
752,Oxxo,Amor Espinosa Rivas,kingjoshi@verizon.net
753,Oxxo,Ana Belen Martinez Cuellar,melnik@me.com
754,Oxxo,Ana Belen Mayo Correa,bastian@aol.com
755,Oxxo,Ana Sofia Ojeda-Pozuelo,parrt@msn.com
756,Oxxo,Anacleto Collado Figueroa,eimear@msn.com
757,Oxxo,Anastasio Iglesias Flores,ijackson@comcast.net
758,Oxxo,Anastasio Saenz Ya§ez,kramulous@hotmail.com
759,Oxxo,Andres del Olivera,jrkorson@comcast.net
760,Oxxo,Andres Felipe Garate Armas,dkeeler@yahoo.com
761,Oxxo,Andres Saavedra Castello,shawnce@me.com
762,Oxxo,angela Aramburu Palmer,kalpol@outlook.com
763,Oxxo,angela Pozo,hutton@hotmail.com
764,Oxxo,angeles Escribano Abad,jdray@outlook.com
765,Oxxo,angeles Garriga Garriga,goldberg@comcast.net
766,Oxxo,Angelica Purificacion Vallejo Huerta,jguyer@hotmail.com
767,Oxxo,Angelino Pozuelo Dieguez,tromey@optonline.net
768,Oxxo,Ani Lobato Casas,garland@verizon.net
769,Oxxo,Ani Tejada Vicente,dogdude@hotmail.com
770,Oxxo,Anita del Borja,nelson@me.com
771,Oxxo,Anita Isaura Pi§a Fonseca,dsugal@icloud.com
772,Oxxo,Anita Valdes Sarabia,tsuruta@sbcglobal.net
773,Oxxo,Anna Montoya Dalmau,ranasta@att.net
774,Oxxo,Anselma Orozco-Pujadas,dvdotnet@comcast.net
775,Oxxo,Anselmo Ballesteros Rovira,philb@optonline.net
776,Oxxo,Anselmo de Casares,lydia@outlook.com
777,Oxxo,Antonio Herberto Carrera Zapata,brickbat@optonline.net
778,Oxxo,Antonio Pardo-Bilbao,burniske@sbcglobal.net
779,Oxxo,Anunciacion Adan Arroyo,martink@sbcglobal.net
780,Oxxo,Anunciacion Pe§as,earmstro@att.net
781,Oxxo,Apolonia Cal Ferrando,stern@comcast.net
782,Oxxo,Apolonia Rivero Ca§as,isotopian@hotmail.com
783,Oxxo,Aranzazu Morillo Berenguer,starstuff@aol.com
784,Oxxo,Arcelia de Palacio,thowell@aol.com
785,Oxxo,Arcelia Melero Ibarra,caidaperl@yahoo.ca
786,Oxxo,Ariadna Mari-Hurtado,amcuri@icloud.com
787,Oxxo,Ariel alvaro,kjetilk@att.net
788,Oxxo,Ariel Guerrero Torrent,scitext@msn.com
789,Oxxo,Ariel Toro Corbacho,fmerges@msn.com
790,Oxxo,Armando Aller Infante,bonmots@verizon.net
791,Oxxo,Armida Muro Miro,carcus@me.com
792,Oxxo,Armida Vizcaino Iniesta,codex@optonline.net
793,Oxxo,Aroa Cazorla-Villar,eurohack@live.com
794,Oxxo,Aroa Nieto,debest@mac.com
795,Oxxo,Arsenio Castejon Zabala,kmself@yahoo.ca
796,Oxxo,Artemio Manso Adadia,druschel@msn.com
797,Oxxo,Artemio Martinez-Baeza,aaribaud@mac.com
798,Oxxo,Artemio Montes Bautista,tubajon@sbcglobal.net
799,Oxxo,Arturo Ferran Terron,neonatus@yahoo.ca
800,Oxxo,Arturo Iborra,natepuri@hotmail.com
801,Oxxo,Ascension Borrego Perea,wenzlaff@comcast.net
802,Oxxo,Ascension Gutierrez Dominguez,fukuchi@me.com
803,Oxxo,Ascension Ugarte Tomas,aardo@mac.com
804,Oxxo,Asdrubal Esteban Ruano,wayward@verizon.net
805,Oxxo,Asuncion Real Vilaplana,uraeus@hotmail.com
806,Oxxo,Atilio Sala Echevarria,rsteiner@outlook.com
807,Oxxo,Augusto del Corominas,makarow@hotmail.com
808,Oxxo,Augusto Toro Santamaria,notaprguy@comcast.net
809,Oxxo,Aurelia Gonzalez Pedraza,jespley@yahoo.com
810,Oxxo,Aurelia Lozano,seasweb@icloud.com
811,Oxxo,Aurelio Campillo Alberola,devphil@me.com
812,Oxxo,Aurelio Leon Campoy,eimear@me.com
813,Oxxo,Aurora Sola Pavon,danneng@yahoo.ca
814,Oxxo,Azahar Amigo Mateos,rddesign@sbcglobal.net
815,Oxxo,Azahar Lujan Camara,dodong@verizon.net
816,Oxxo,Azucena Arnaiz Beltran,avalon@outlook.com
817,Oxxo,Baldomero Cabello,knorr@yahoo.com
818,Oxxo,Balduino Elorza Morera,presoff@mac.com
819,Oxxo,Balduino Pastor Luque,chinthaka@att.net
820,Oxxo,Balduino Serra,pgottsch@optonline.net
821,Oxxo,Baltasar de Valenciano,starstuff@icloud.com
822,Oxxo,Barbara de Bru,sravani@me.com
823,Oxxo,Bartolome Dan Lago Corbacho,parrt@msn.com
824,Oxxo,Basilio Esteve-Llopis,adillon@icloud.com
825,Oxxo,Basilio Royo Elias,odlyzko@me.com
826,Oxxo,Bautista Dani Talavera Simo,kosact@gmail.com
827,Oxxo,Beatriz Acosta Chico,aegreene@yahoo.com
828,Oxxo,Beatriz Bautista Jimenez,kosact@att.net
829,Oxxo,Beatriz Infante Almagro,kassiesa@comcast.net
830,Oxxo,Beatriz Ruperta Borras Julian,seano@optonline.net
831,Oxxo,Belen Ca§ellas Batalla,fhirsch@hotmail.com
832,Oxxo,Benigna Berenguer Palacio,valdez@me.com
833,Oxxo,Benigno Montalban-Mascaro,aprakash@outlook.com
834,Oxxo,Benigno Vi§a-Camacho,sartak@comcast.net
835,Oxxo,Benita Elorza-Leal,clkao@aol.com
836,Oxxo,Benito Garces Landa,smcnabb@aol.com
837,Oxxo,Benito Pi Pedraza,simone@att.net
838,Oxxo,Benjamin Ceferino Parejo Quintanilla,jmcnamara@mac.com
839,Oxxo,Bernarda Simo Vendrell,khris@me.com
840,Oxxo,Bernardino del Cruz,muzzy@yahoo.com
841,Oxxo,Bernardino Joaquin Aguirre Carmona,jbailie@msn.com
842,Oxxo,Bernardita Royo Leon,samavati@yahoo.com
843,Oxxo,Bernardo Fabregat Pombo,pajas@yahoo.com
844,Oxxo,Bernardo Otero Cabrero,seasweb@att.net
845,Oxxo,Bibiana del Moran,sartak@outlook.com
846,Oxxo,Bienvenida Filomena Nu§ez Bautista,jramio@comcast.net
847,Oxxo,Bienvenida Gilabert-Aguilera,benanov@verizon.net
848,Oxxo,Blanca Cal-Alegria,dbanarse@sbcglobal.net
849,Oxxo,Brigida Guijarro Melendez,grothoff@me.com
850,Oxxo,Brigida Rocamora Calvo,mglee@hotmail.com
851,Oxxo,Bruno Gimenez Luz,sassen@outlook.com
852,Oxxo,Buenaventura Vallejo Camacho,drhyde@aol.com
853,Oxxo,Calisto Enriquez Galvan,monkeydo@comcast.net
854,Oxxo,Calixta Fabregas Caballero,mcmillan@yahoo.ca
855,Oxxo,Calixta Mena Matas,pspoole@yahoo.ca
856,Oxxo,Calixta Pallaräs,jamuir@hotmail.com
857,Oxxo,Calixto Blas Segarra Galindo,pgottsch@live.com
858,Oxxo,Calixto Borrego,tsuruta@optonline.net
859,Oxxo,Calixto Losada Gelabert,budinger@att.net
860,Oxxo,Camilo del Chico,kawasaki@mac.com
861,Oxxo,Camilo Gutierrez Soto,madler@comcast.net
862,Oxxo,Camilo Nicolas Canet Farre,wayward@sbcglobal.net
863,Oxxo,Candela de alvarez,noahb@icloud.com
864,Oxxo,Candelaria Anton Roda,tellis@hotmail.com
865,Oxxo,Candelario Santos Ferrandiz,firstpr@gmail.com
866,Oxxo,Candelario Vallejo-Arteaga,caronni@optonline.net
867,Oxxo,Candelas del Blanca,bastian@me.com
868,Oxxo,Candelas Fiol-Montes,bbirth@optonline.net
869,Oxxo,Candelas Mena Llabres,michiel@icloud.com
870,Oxxo,Candelas Rios,dhwon@outlook.com
871,Oxxo,Candelas Romero,kourai@gmail.com
872,Oxxo,Candida del Suarez,scarolan@yahoo.ca
873,Oxxo,Caridad Mendizabal,bjoern@msn.com
874,Oxxo,Carina Conesa Romero,blixem@verizon.net
875,Oxxo,Carina Pacheco Roma,forsberg@yahoo.com
876,Oxxo,Carlito Dominguez Cortes,afifi@yahoo.com
877,Oxxo,Carlito Pe§as Prado,philen@verizon.net
878,Oxxo,Carmela de Pulido,mddallara@optonline.net
879,Oxxo,Carmelita de Vizcaino,ideguy@yahoo.com
880,Oxxo,Carmelita Pe§as Mir,feamster@icloud.com
881,Oxxo,Carmina Bernarda Castro Casado,dwsauder@sbcglobal.net
882,Oxxo,Catalina Guerra Pavon,moinefou@gmail.com
883,Oxxo,Catalina Vazquez Vergara,phish@me.com
884,Oxxo,Cayetana Caballero Huguet,blixem@aol.com
885,Oxxo,Cayetana del Menendez,ralamosm@me.com
886,Oxxo,Cayetano Palau Ni§o,lamky@optonline.net
887,Oxxo,Cecilia Cortes Mendoza,mavilar@yahoo.ca
888,Oxxo,Celestino Adadia Serna,cantu@comcast.net
889,Oxxo,Celestino Matas Iriarte,bowmanbs@hotmail.com
890,Oxxo,Celestino Vidal,rnewman@gmail.com
891,Oxxo,Celia Acero-Lastra,adhere@me.com
892,Oxxo,Celso Carranza Lillo,yfreund@me.com
893,Oxxo,Celso de Somoza,wildfire@msn.com
894,Oxxo,Che del Ya§ez,druschel@live.com
895,Oxxo,Che Manuel Bello,noahb@gmail.com
896,Oxxo,Chelo Acedo-Corominas,heroine@live.com
897,Oxxo,Chelo Casanova,shazow@aol.com
898,Oxxo,Chema Andrade Gabaldon,hling@sbcglobal.net
899,Oxxo,Chita Barco-Aguilera,mirod@live.com
900,Oxxo,Chita Pazos Revilla,zeller@msn.com
901,Oxxo,Chita Valentina Lopez Iba§ez,gfxguy@hotmail.com
902,Oxxo,Chucho Ortega Varela,crobles@yahoo.ca
903,Oxxo,Chuy Briones Martin,kjetilk@comcast.net
904,Oxxo,Chuy Gutierrez Batlle,raides@outlook.com
905,Oxxo,Chuy Jose Maria Rosales Marquez,martyloo@aol.com
906,Oxxo,Cintia Corbacho Luz,rwelty@att.net
907,Oxxo,Cintia Neira SalvÖ,mugwump@att.net
908,Oxxo,Ciriaco Cristobal Mayol Quintero,oster@hotmail.com
909,Oxxo,Cirino Cueto-Burgos,wetter@verizon.net
910,Oxxo,Cirino Paniagua Gutierrez,kalpol@outlook.com
911,Oxxo,Ciro Andres-Bravo,bebing@yahoo.ca
912,Oxxo,Ciro Cayetano Tolosa Miralles,atmarks@outlook.com
913,Oxxo,Ciro Chacon Leal,tromey@yahoo.ca
914,Oxxo,Ciro Sales-Lucas,onestab@att.net
915,Oxxo,Ciro Valera Rodenas,rkobes@gmail.com
916,Oxxo,Clara Sanjuan Guerrero,pappp@live.com
917,Oxxo,Clarisa Abril Tudela,jbarta@comcast.net
918,Oxxo,Clarisa Soriano Lumbreras,uncle@yahoo.com
919,Oxxo,Claudia Amaya Medina,adillon@gmail.com
920,Oxxo,Claudia Valderrama Cerro,pappp@comcast.net
921,Oxxo,Clemente Barbera-Cuesta,mddallara@sbcglobal.net
922,Oxxo,Cleto Capdevila,kronvold@icloud.com
923,Oxxo,Cleto Gargallo Rodrigo,mirod@att.net
924,Oxxo,Climaco aguila Sosa,ducasse@verizon.net
925,Oxxo,Climaco Teobaldo Fuente Cobos,jelmer@me.com
926,Oxxo,Clotilde Pinilla,gozer@outlook.com
927,Oxxo,Concepcion Ayuso,gbacon@mac.com
928,Oxxo,Concepcion Carre§o Moll,ralamosm@verizon.net
929,Oxxo,Concepcion del Montes,miturria@comcast.net
930,Oxxo,Conrado Ordo§ez Cerro,esokullu@optonline.net
931,Oxxo,Consuela Bas Solera,guialbu@att.net
932,Oxxo,Coral Coca,crowemojo@me.com
933,Oxxo,Coral Tudela,makarow@verizon.net
934,Oxxo,Cornelio BauzÖ Alberola,dunstan@att.net
935,Oxxo,Corona Escalona Alfonso,kronvold@aol.com
936,Oxxo,Corona Palacio Valle,msherr@verizon.net
937,Oxxo,Cosme Ros Manzanares,martyloo@optonline.net
938,Oxxo,Crescencia de Nicolau,stellaau@hotmail.com
939,Oxxo,Crescencia Higueras Roldan,elmer@live.com
940,Oxxo,Cristian Verdugo Carro,ubergeeb@sbcglobal.net
941,Oxxo,Cruz Aroca-Cozar,xtang@mac.com
942,Oxxo,Cruz Barroso-Flor,bmorrow@icloud.com
943,Oxxo,Cruz Donoso Roman,zavadsky@msn.com
944,Oxxo,Curro Eugenio Arana Gomez,wilsonpm@gmail.com
945,Oxxo,Custodio Agullo Escudero,boomzilla@att.net
946,Oxxo,Custodio Gargallo-Ramis,rfisher@me.com
947,Oxxo,Damian Palomares Lledo,mfburgo@hotmail.com
948,Oxxo,Daniel Soriano-Mesa,adamk@live.com
949,Oxxo,Daniela Aragones Aparicio,jfriedl@outlook.com
950,Oxxo,Daniela de Jove,sakusha@yahoo.com
951,Oxxo,Danilo Hervia,wildfire@comcast.net
952,Oxxo,Dario Costa Esteban,jkegl@aol.com
953,Oxxo,Debora Arroyo Pastor,barnett@comcast.net
954,Oxxo,Desiderio Balaguer Bartolome,uraeus@gmail.com
955,Oxxo,Desiderio Soto Marin,matty@yahoo.com
956,Oxxo,Diego Almansa Morata,hyper@optonline.net
957,Oxxo,Dionisia Casta§eda Abad,codex@mac.com
958,Oxxo,Dionisia de Amaya,wainwrig@yahoo.com
959,Oxxo,Dionisia Peinado,graham@att.net
960,Oxxo,Dionisio Cervantes Barranco,microfab@live.com
961,Oxxo,Dionisio Guerrero Castro,tmaek@yahoo.com
962,Oxxo,Domingo Canet-Llorente,mjewell@optonline.net
963,Oxxo,Domitila de Galvez,ccohen@yahoo.com
964,Oxxo,Donato Peralta Araujo,neuffer@comcast.net
965,Oxxo,Dulce Luna-Ayllon,cosimo@live.com
966,Oxxo,Edelmira Robledo-Urrutia,vertigo@icloud.com
967,Oxxo,Edelmira Serna-Corbacho,hwestiii@yahoo.com
968,Oxxo,Edelmiro Alcolea Castells,catalog@hotmail.com
969,Oxxo,Edelmiro Tena Guerrero,crusader@yahoo.ca
970,Oxxo,edgar Bautista Hervia,isotopian@yahoo.ca
971,Oxxo,edgar Campoy Rico,chrisj@mac.com
972,Oxxo,edgar Pablo Infante Alsina,gboss@gmail.com
973,Oxxo,Edmundo Andres Reig,specprog@aol.com
974,Oxxo,Elba Candela Galindo Solis,frikazoyd@aol.com
975,Oxxo,Elba Ferrera Colomer,evilopie@gmail.com
976,Oxxo,Elba Taboada Polo,syrinx@icloud.com
977,Oxxo,Eleuterio Torres,tattooman@icloud.com
978,Oxxo,Eliana Bejarano Taboada,mbrown@att.net
979,Oxxo,Elias Coello Cisneros,crandall@gmail.com
980,Oxxo,Elias Pujol Otero,dkeeler@icloud.com
981,Oxxo,Elisabet Diaz Macias,parsimony@live.com
982,Oxxo,Eliseo Rodenas Llabres,jimmichie@hotmail.com
983,Oxxo,Eloisa Baro,dwendlan@sbcglobal.net
984,Oxxo,Eloisa Infante Requena,drezet@yahoo.com
985,Oxxo,Eloisa Parejo Donaire,ijackson@live.com
986,Oxxo,Elvira Godoy Santana,gbacon@gmail.com
987,Oxxo,Ema Requena Villalonga,druschel@outlook.com
988,Oxxo,Emilio Zamorano Arce,amcuri@msn.com
989,Oxxo,Encarnacion Iniesta,uraeus@comcast.net
990,Oxxo,Encarnita Gilabert Nebot,chinthaka@comcast.net
991,Oxxo,Enrique Salamanca avila,aglassis@yahoo.ca
992,Oxxo,Epifanio Ariza Barragan,jfmulder@verizon.net
993,Oxxo,Epifanio Regulo Rovira Moran,timlinux@yahoo.ca
994,Oxxo,Epifanio Roldan Bautista,firstpr@att.net
995,Oxxo,Erasmo Candido Vilar Villar,markjugg@comcast.net
996,Oxxo,Erasmo Gibert Quevedo,kosact@sbcglobal.net
997,Oxxo,Eric de Briones,timlinux@icloud.com
998,Oxxo,Eric Saavedra Robledo,nullchar@me.com
999,Oxxo,Esmeralda Company,smcnabb@live.com
1000,Oxxo,Esmeralda Simo,sisyphus@aol.com
1001,Oxxo,Esperanza Pareja Puente,grady@mac.com
1002,Oxxo,Esteban Galan Buendia,ninenine@live.com
1003,Oxxo,Estefania angel,thassine@icloud.com
1004,Oxxo,Estefania Llobet Villalba,timlinux@icloud.com
1005,Oxxo,Estefania Uribe Agullo,mhassel@att.net
1006,Oxxo,Ester Llanos Sanmartin,agolomsh@me.com
1007,Oxxo,Estrella Badia-Amo,grdschl@sbcglobal.net
1008,Oxxo,Estrella Rosalina Riquelme Sevillano,jshirley@outlook.com
1009,Oxxo,Etelvina Clavero Malo,bigmauler@optonline.net
1010,Oxxo,Etelvina del Marquez,hling@yahoo.com
1011,Oxxo,Eulalia aguila,aracne@hotmail.com
1012,Oxxo,Eulalia del Galindo,animats@mac.com
1013,Oxxo,Eulalia Salome Baena Uribe,crimsane@att.net
1014,Oxxo,Eusebia de Rincon,kourai@gmail.com
1015,Oxxo,Eusebia Pe§alver Abellan,fudrucker@aol.com
1016,Oxxo,Eusebia Sola Ayala,mkearl@gmail.com
1017,Oxxo,Eustaquio Fabregat,aaribaud@optonline.net
1018,Oxxo,Eva Maria Garmendia Lloret,stevelim@sbcglobal.net
1019,Oxxo,Eva Renata Dominguez Gabaldon,enintend@att.net
1020,Oxxo,Evita Torrents Aparicio,dburrows@verizon.net
1021,Oxxo,Ezequiel Bayon-Berrocal,gator@yahoo.ca
1022,Oxxo,Ezequiel Cortina Jodar,overbom@mac.com
1023,Oxxo,Ezequiel de Sanmiguel,smartfart@msn.com
1024,Oxxo,Ezequiel Zamora Alegre,tellis@gmail.com
1025,Oxxo,Fabian Casals Granados,bahwi@icloud.com
1026,Oxxo,Fabian Perea Gelabert,johnh@msn.com
1027,Oxxo,Fabiola Carpio-Pagäs,nachbaur@verizon.net
1028,Oxxo,Fabiola Samper Alfonso,osrin@me.com
1029,Oxxo,Fabricio Barrera Nu§ez,msherr@me.com
1030,Oxxo,Fabricio Heredia Acero,horrocks@sbcglobal.net
1031,Oxxo,Fabricio Prieto,wojciech@outlook.com
1032,Oxxo,Fatima Canovas,jsbach@optonline.net
1033,Oxxo,Febe Cornejo Mascaro,bmidd@yahoo.ca
1034,Oxxo,Felicia Sonia Sotelo Sanchez,notaprguy@comcast.net
1035,Oxxo,Feliciano del Huguet,hstiles@optonline.net
1036,Oxxo,Felicidad Roca Font,crobles@hotmail.com
1037,Oxxo,Felipa Abril Vargas,kramulous@optonline.net
1038,Oxxo,Felix Sola,raides@outlook.com
1039,Oxxo,Fermin Amor Pi§a,burns@aol.com
1040,Oxxo,Fermin Gimeno Aguirre,yenya@aol.com
1041,Oxxo,Fernanda Arcos Tomas,phyruxus@gmail.com
1042,Oxxo,Fernanda Tirado Martin,metzzo@icloud.com
1043,Oxxo,Fernando Aleman-Alcala,sbmrjbr@live.com
1044,Oxxo,Fidel Pascual Fernandez,lridener@live.com
1045,Oxxo,Fidela del aguila,gknauss@mac.com
1046,Oxxo,Flavio Pe§a-Arana,pizza@aol.com
1047,Oxxo,Flor Cabrera Casares,boftx@me.com
1048,Oxxo,Flor Olimpia Gallart Roca,hoangle@verizon.net
1049,Oxxo,Flora Vila Cardona,carroll@yahoo.ca
1050,Oxxo,Florencia Saenz Bas,tokuhirom@msn.com
1051,Oxxo,Florentina Almansa-Verdugo,animats@optonline.net
1052,Oxxo,Florentino Amat Mancebo,twoflower@outlook.com
1053,Oxxo,Florentino Amor-Varela,uraeus@yahoo.ca
1054,Oxxo,Florina Arrieta Infante,jfreedma@comcast.net
1055,Oxxo,Francisca de Solano,lstaf@comcast.net
1056,Oxxo,Francisca Maria Rosado Serna,jadavis@aol.com
1057,Oxxo,Francisca Solsona Olmedo,marin@aol.com
1058,Oxxo,Francisco Aznar Becerra,fairbank@hotmail.com
1059,Oxxo,Francisco Javier del Feijoo,munson@live.com
1060,Oxxo,Francisco Jorda Lamas,seebs@outlook.com
1061,Oxxo,Francisco Jose Carnero Noguera,lbaxter@att.net
1062,Oxxo,Francisco Jose Carranza,mglee@gmail.com
1063,Oxxo,Francisco Jose Mendez,iapetus@verizon.net
1064,Oxxo,Fulgencio avila Castellanos,cisugrad@comcast.net
1065,Oxxo,Gabino Iglesias Minguez,delpino@hotmail.com
1066,Oxxo,Gabriel Arnau,telbij@yahoo.com
1067,Oxxo,Gabriel del Tomas,mbrown@msn.com
1068,Oxxo,Gabriel Oliver Pe§alver,bdbrown@me.com
1069,Oxxo,Gabriel Valdes,skythe@att.net
1070,Oxxo,Gabriela Checa Castrillo,wikinerd@yahoo.ca
1071,Oxxo,Gabriela Nu§ez,matsn@optonline.net
1072,Oxxo,Gala Millan Ribera,payned@mac.com
1073,Oxxo,Galo Alonso Bermejo,johnh@verizon.net
1074,Oxxo,Gaspar Alsina Orozco,darin@hotmail.com
1075,Oxxo,Gaspar Riba,tangsh@me.com
1076,Oxxo,Gaspar Solano,lridener@me.com
1077,Oxxo,Gaston Mendez,eegsa@optonline.net
1078,Oxxo,Genoveva Tello,improv@msn.com
1079,Oxxo,Gerardo Aitor Saenz Martin,hager@live.com
1080,Oxxo,Gerardo Goicoechea Osorio,haddawy@sbcglobal.net
1081,Oxxo,Gerardo Pellicer Montserrat,pkplex@gmail.com
1082,Oxxo,German Llopis Aranda,dgatwood@comcast.net
1083,Oxxo,Geronimo Escriva Riba,kramulous@live.com
1084,Oxxo,Gil Duran alvarez,pkplex@yahoo.ca
1085,Oxxo,Gil Martin,eminence@sbcglobal.net
1086,Oxxo,Gilberto Acevedo Vallejo,godeke@yahoo.ca
1087,Oxxo,Gilberto Alberola,rbarreira@live.com
1088,Oxxo,Gilberto Arenas Zapata,druschel@comcast.net
1089,Oxxo,Gisela Balaguer,msusa@optonline.net
1090,Oxxo,Gisela Berta Benitez Ballesteros,wildfire@msn.com
1091,Oxxo,Godofredo Aviles Hernando,lukka@sbcglobal.net
1092,Oxxo,Godofredo Marti Bermudez,kronvold@aol.com
1093,Oxxo,Godofredo Pi§a-Nadal,forsberg@yahoo.ca
1094,Oxxo,Gonzalo Villar Pujol,grady@optonline.net
1095,Oxxo,Goyo Gomez Garmendia,mleary@sbcglobal.net
1096,Oxxo,Gracia de Sarabia,makarow@yahoo.com
1097,Oxxo,Graciana Guardiola Melero,yruan@yahoo.ca
1098,Oxxo,Graciana Juan Llorente,pemungkah@gmail.com
1099,Oxxo,Graciana Pintor Alba,munson@mac.com
1100,Oxxo,Graciano Ari§o Almansa,gozer@sbcglobal.net
1101,Oxxo,Griselda de Domenech,barnett@mac.com
1102,Oxxo,Griselda Toledo-Sala,satishr@sbcglobal.net
1103,Oxxo,Guadalupe de Andreu,okroeger@sbcglobal.net
1104,Oxxo,Guadalupe de Peralta,meinkej@gmail.com
1105,Oxxo,Guadalupe del Roldan,augusto@live.com
1106,Oxxo,Guadalupe Jose Maria Manrique Barriga,thrymm@optonline.net
1107,Oxxo,Guillermo Pe§as,steve@me.com
1108,Oxxo,Guiomar Fabregat Prieto,jfreedma@verizon.net
1109,Oxxo,Gustavo Jeronimo Carvajal Sancho,xnormal@live.com
1110,Oxxo,Gustavo Oliva Tamarit,biglou@yahoo.com
1111,Oxxo,Haroldo Aguilar Monreal,roesch@gmail.com
1112,Oxxo,Haroldo Dieguez Llopis,magusnet@icloud.com
1113,Oxxo,Hector del Fuentes,kronvold@gmail.com
1114,Oxxo,Hector Izaguirre Donoso,mugwump@att.net
1115,Oxxo,Hector Prat-Rio,gknauss@mac.com
1116,Oxxo,Heliodoro Aguilo Pardo,jgoerzen@gmail.com
1117,Oxxo,Heliodoro Ba§os Sainz,zavadsky@gmail.com
1118,Oxxo,Heliodoro Luis-Poza,sarahs@verizon.net
1119,Oxxo,Heliodoro Roura angel,richard@sbcglobal.net
1120,Oxxo,Heraclio Franco Vila,jorgb@aol.com
1121,Oxxo,Heraclio Reyes Espada,hager@sbcglobal.net
1122,Oxxo,Heraclio Viana Porcel,onestab@msn.com
1123,Oxxo,Herberto Mora Pina,netsfr@hotmail.com
1124,Oxxo,Heriberto Orozco Barba,amimojo@optonline.net
1125,Oxxo,Heriberto Velasco,frode@mac.com
1126,Oxxo,Hermenegildo Barranco Iriarte,eminence@msn.com
1127,Oxxo,Herminia Lastra Galiano,dialworld@mac.com
1128,Oxxo,Herminia Polo Ayllon,avalon@outlook.com
1129,Oxxo,Hernan Duque,munge@mac.com
1130,Oxxo,Hilario Donaire Zabaleta,chrisj@outlook.com
1131,Oxxo,Hilda Ayllon Batalla,whimsy@msn.com
1132,Oxxo,Hilda Mesa Maldonado,gknauss@icloud.com
1133,Oxxo,Horacio del Duran,trygstad@comcast.net
1134,Oxxo,Hugo Marti,jschauma@outlook.com
1135,Oxxo,Humberto de Escriva,hampton@yahoo.ca
1136,Oxxo,Iban Barcelo alamo,sekiya@yahoo.com
1137,Oxxo,Ignacia Osuna Barcena,gknauss@comcast.net
1138,Oxxo,Ildefonso Sola Jordan,mcnihil@live.com
1139,Oxxo,Ileana Galvez,enintend@verizon.net
1140,Oxxo,Ileana Vicens,wildixon@comcast.net
1141,Oxxo,Imelda Navas,sinkou@me.com
1142,Oxxo,Ines Castrillo Merino,wonderkid@optonline.net
1143,Oxxo,ingrid Garmendia-Ni§o,jorgb@hotmail.com
1144,Oxxo,Inmaculada Aurora Cantero Peralta,sacraver@aol.com
1145,Oxxo,Inmaculada Cespedes,chrwin@yahoo.com
1146,Oxxo,Inmaculada Chaparro-Batlle,kaiser@comcast.net
1147,Oxxo,Inocencio Bejarano Marmol,wmszeliga@mac.com
1148,Oxxo,Inocencio Ovidio Galiano Moll,cgarcia@gmail.com
1149,Oxxo,i§igo Donaire Peiro,hellfire@comcast.net
1150,Oxxo,Iris Quevedo Piquer,chunzi@optonline.net
1151,Oxxo,Iris Valera Santiago,biglou@comcast.net
1152,Oxxo,Isa Moll Prats,mugwump@aol.com
1153,Oxxo,Isabela Noguera,mavilar@mac.com
1154,Oxxo,Isidro Mugica Marquez,raides@att.net
1155,Oxxo,Ismael Colomer Barbera,esbeck@icloud.com
1156,Oxxo,Ismael Peiro-Gamez,sarahs@mac.com
1157,Oxxo,Itziar Solano Gimenez,chaikin@icloud.com
1158,Oxxo,Jacinta Quesada Grande,gboss@gmail.com
1159,Oxxo,Jacinto Adelardo Rosello Yuste,bhtower@icloud.com
1160,Oxxo,Jacinto Aranda Ayllon,moxfulder@aol.com
1161,Oxxo,Jacinto Lago Clemente,bockelboy@mac.com
1162,Oxxo,Jacobo Gomez Hernandez,bmidd@sbcglobal.net
1163,Oxxo,Javi del Sevillano,jbuchana@yahoo.ca
1164,Oxxo,Javiera del Aparicio,noticias@me.com
1165,Oxxo,Jenaro del Ferrero,stomv@me.com
1166,Oxxo,Jenny Palomares Baena,stecoop@att.net
1167,Oxxo,Jenny Valderrama Abril,goldberg@yahoo.com
1168,Oxxo,Jeremias de Amor,scottlee@icloud.com
1169,Oxxo,Jesus Abad Lago,chaikin@optonline.net
1170,Oxxo,Jesus Gomis Nevado,stefano@sbcglobal.net
1171,Oxxo,Jesusa Coll Prats,szymansk@icloud.com
1172,Oxxo,Jesusa de Cabrero,godeke@aol.com
1173,Oxxo,Jesusa Molins,odlyzko@gmail.com
1174,Oxxo,Jimena Frias,pontipak@aol.com
1175,Oxxo,Jimena Llanos Hierro,multiplx@att.net
1176,Oxxo,Joaquin Duarte Lerma,jdhedden@live.com
1177,Oxxo,Jonatan Eutropio Higueras Rey,daveed@gmail.com
1178,Oxxo,Jordana Tellez Gallo,slanglois@yahoo.com
1179,Oxxo,Jordi Melendez Camps,eabrown@comcast.net
1180,Oxxo,Jose Antonio del Ferrer,lauronen@outlook.com
1181,Oxxo,Jose Antonio Frias-Campos,ahuillet@msn.com
1182,Oxxo,Jose Antonio Moles,samavati@verizon.net
1183,Oxxo,Jose Antonio Saturnino Castilla Castello,ilyaz@verizon.net
1184,Oxxo,Jose Carlos de Oca§a,dialworld@sbcglobal.net
1185,Oxxo,Jose Carlos del Serrano,bbirth@verizon.net
1186,Oxxo,Jose Colom Redondo,zyghom@optonline.net
1187,Oxxo,Jose Escamilla I§iguez,netsfr@verizon.net
1188,Oxxo,Jose Francisco Esteban Quevedo,miyop@verizon.net
1189,Oxxo,Jose Ignacio Valles Salinas,jipsen@mac.com
1190,Oxxo,Jose Leal Pera,andrewik@gmail.com
1191,Oxxo,Jose Luis Blazquez Landa,kjetilk@aol.com
1192,Oxxo,Jose Manuel Hernandez Huerta,weidai@icloud.com
1193,Oxxo,Jose Manuel Juarez Moreno,cumarana@yahoo.com
1194,Oxxo,Jose Manuel Parra Vara,martink@outlook.com
1195,Oxxo,Jose Manuel Plaza Izaguirre,richard@me.com
1196,Oxxo,Jose Mari Esteban Torres,feamster@yahoo.com
1197,Oxxo,Jose Mari Planas-avila,smartfart@optonline.net
1198,Oxxo,Jose Miguel Busquets Mate,jaesenj@yahoo.ca
1199,Oxxo,Jose Ramon Juan Antonio Macias Pinedo,damian@mac.com
1200,Oxxo,Josue Macias Llorens,mailarc@comcast.net
1201,Oxxo,Juan Azcona-Bautista,noneme@optonline.net
1202,Oxxo,Juan Bautista Jesus Gibert Alcazar,drolsky@hotmail.com
1203,Oxxo,Juan Bautista Ros Quesada,eidac@live.com
1204,Oxxo,Juan Francisco de Morante,intlprog@yahoo.com
1205,Oxxo,Juan Luis Alba Tejero,rhialto@hotmail.com
1206,Oxxo,Juan Luis Rodrigo-Barcelo,rddesign@icloud.com
1207,Oxxo,Juan Pablo Castro Rius,munge@outlook.com
1208,Oxxo,Juana Minguez-Bertran,harpes@mac.com
1209,Oxxo,Juanita del Falcon,nicktrig@verizon.net
1210,Oxxo,Juanita Mugica Diez,choset@me.com
1211,Oxxo,Julia Chaves Nieto,jkegl@live.com
1212,Oxxo,Julia Oliveras Borja,report@optonline.net
1213,Oxxo,Julian del Guitart,drhyde@live.com
1214,Oxxo,Julian Hernando Pe§as,bjoern@aol.com
1215,Oxxo,Julian Llorente Sainz,mahbub@yahoo.ca
1216,Oxxo,Julian Mendez Barroso,scottzed@aol.com
1217,Oxxo,Julian Rivero Baron,noahb@hotmail.com
1218,Oxxo,Julian Ruiz-Badia,jfinke@verizon.net
1219,Oxxo,Julian Sole Maestre,teverett@optonline.net
1220,Oxxo,Juliana del Cano,andersbr@icloud.com
1221,Oxxo,Juliana Marquez Huguet,moinefou@hotmail.com
1222,Oxxo,Julie Ni§o Pellicer,boftx@outlook.com
1223,Oxxo,Julio Morata Llopis,rcwil@outlook.com
1224,Oxxo,Kike Camino Armengol,rkobes@me.com
1225,Oxxo,Kike Solera Arregui,portele@live.com
1226,Oxxo,Lalo Bola§os Rios,uncle@comcast.net
1227,Oxxo,Laura Jaen alvarez,jgmyers@yahoo.com
1228,Oxxo,Leandra Arranz Viana,ghost@msn.com
1229,Oxxo,Leandra Olivia Leal Maza,lcheng@att.net
1230,Oxxo,Leandro Sancho Gil,naoya@mac.com
1231,Oxxo,Leire Paniagua Acevedo,vlefevre@outlook.com
1232,Oxxo,Leocadia de Azorin,phizntrg@outlook.com
1233,Oxxo,Leocadia Galiano Barroso,pjacklam@verizon.net
1234,Oxxo,Leocadia Valencia-Portillo,emmanuel@yahoo.com
1235,Oxxo,Leocadio Pagäs Mendizabal,konst@yahoo.com
1236,Oxxo,Leocadio Ramirez Segarra,parrt@optonline.net
1237,Oxxo,Leon Cuadrado Perales,stomv@outlook.com
1238,Oxxo,Leoncio Ya§ez Grau,temmink@gmail.com
1239,Oxxo,Leonel Jara Torrijos,tjensen@hotmail.com
1240,Oxxo,Leopoldo Acero,yfreund@msn.com
1241,Oxxo,Leopoldo del Mulet,carcus@yahoo.ca
1242,Oxxo,Leopoldo Mateu-Villalba,hikoza@yahoo.com
1243,Oxxo,Leticia del Toro,arandal@icloud.com
1244,Oxxo,Leticia Iglesias-Carretero,gfxguy@icloud.com
1245,Oxxo,Lilia Barriga-Palacio,purvis@yahoo.ca
1246,Oxxo,Lino Clavero Diez,duchamp@icloud.com
1247,Oxxo,Lope Casanova Aragones,kildjean@live.com
1248,Oxxo,Lope Criado Echevarria,grolschie@outlook.com
1249,Oxxo,Lorena Robledo,tbmaddux@sbcglobal.net
1250,Oxxo,Lorenza Badia Calvet,miltchev@live.com
1251,Oxxo,Lorenza Jodar Gascon,boser@yahoo.ca
1252,Oxxo,Lorenzo Canton Galan,fluffy@verizon.net
1253,Oxxo,Lorenzo Cuellar Huertas,csilvers@optonline.net
1254,Oxxo,Lourdes Renata Izquierdo Nu§ez,kostas@yahoo.ca
1255,Oxxo,Lucas Lara-Losa,msherr@yahoo.com
1256,Oxxo,Lucas Ramirez Casado,blixem@att.net
1257,Oxxo,Lucas Saenz Uriarte,ajlitt@outlook.com
1258,Oxxo,Lucho Ramon Romeu Sabater,skythe@comcast.net
1259,Oxxo,Lucho Reguera Heredia,moxfulder@me.com
1260,Oxxo,Lucia Esparza Palomo,fwitness@verizon.net
1261,Oxxo,Luciana de Salinas,miami@msn.com
1262,Oxxo,Luciana Josefina Castilla Rebollo,murty@verizon.net
1263,Oxxo,Lucila Losada,smpeters@icloud.com
1264,Oxxo,Lucila Vi§as Delgado,gward@msn.com
1265,Oxxo,Lucio Morata-Villalobos,eurohack@yahoo.ca
1266,Oxxo,Luis angel Llanos Benavente,chrwin@live.com
1267,Oxxo,Luis angel Montenegro-Cozar,sriha@verizon.net
1268,Oxxo,Luis Barcena Navas,ranasta@aol.com
1269,Oxxo,Luis Cervantes-Pont,ebassi@yahoo.com
1270,Oxxo,Luis de Barrena,gfxguy@outlook.com
1271,Oxxo,Luisa Arellano-Gutierrez,miyop@verizon.net
1272,Oxxo,Luisa Eva Maria Guitart Exposito,keijser@yahoo.ca
1273,Oxxo,Luisina Flores Olive,msusa@outlook.com
1274,Oxxo,Luisina Higueras-Clavero,jshirley@verizon.net
1275,Oxxo,Lupe Guerra-Huguet,thomasj@att.net
1276,Oxxo,Lupe Mas-Cardenas,josem@hotmail.com
1277,Oxxo,Macarena Eufemia Llanos Herrera,tezbo@aol.com
1278,Oxxo,Macaria Benito Armengol,ebassi@msn.com
1279,Oxxo,Macaria de Santamaria,mavilar@msn.com
1280,Oxxo,Macaria Vallejo Folch,carmena@hotmail.com
1281,Oxxo,Macario Acosta Salgado,goldberg@aol.com
1282,Oxxo,Macario Godoy Ca§izares,fwiles@msn.com
1283,Oxxo,Magdalena Barreda Benitez,ngedmond@mac.com
1284,Oxxo,Magdalena del Pe§as,mrobshaw@mac.com
1285,Oxxo,Magdalena Eva Maria Mosquera Delgado,jguyer@yahoo.ca
1286,Oxxo,Magdalena Morcillo,jlbaumga@icloud.com
1287,Oxxo,Maite Mercader Sotelo,uraeus@mac.com
1288,Oxxo,Maite Vargas Roldan,erynf@sbcglobal.net
1289,Oxxo,Malena Olivera Ropero,boein@msn.com
1290,Oxxo,Mamen Eufemia Ortu§o Mari,floxy@yahoo.com
1291,Oxxo,Mamen Petrona Briones Llorens,marin@live.com
1292,Oxxo,Manolo Giralt Valles,wiseb@att.net
1293,Oxxo,Manu Fernandez,raides@yahoo.com
1294,Oxxo,Mar Millan Pons,themer@me.com
1295,Oxxo,Marc Canales Monreal,evans@yahoo.com
1296,Oxxo,Marc Pelayo Rovira,aegreene@att.net
1297,Oxxo,Marcela Uria Pe§as,fairbank@me.com
1298,Oxxo,Marcelino Nu§ez Tolosa,neuffer@optonline.net
1299,Oxxo,Marcelo Loreto Zabaleta Coello,ylchang@verizon.net
1300,Oxxo,Marcial Carbajo Lorenzo,snunez@me.com
1301,Oxxo,Marciano Quevedo Pacheco,frode@me.com
1302,Oxxo,Marcio Ropero Vila,preneel@verizon.net
1303,Oxxo,Marco de Casal,agolomsh@outlook.com
1304,Oxxo,Margarita Rovira Gabaldon,bmidd@verizon.net
1305,Oxxo,Maria Amaro Moreno Reyes,leocharre@mac.com
1306,Oxxo,Maria Belen Arenas-Solis,rohitm@live.com
1307,Oxxo,Maria Carmen Monreal Perez,stakasa@gmail.com
1308,Oxxo,Maria Del Carmen Calista Cazorla Terron,crypt@comcast.net
1309,Oxxo,Maria Dolores Aguilar Silva,linuxhack@att.net
1310,Oxxo,Maria Dolores Mirta Landa Pelaez,chrisj@mac.com
1311,Oxxo,Maria Fernanda Fuster Artigas,draper@optonline.net
1312,Oxxo,Maria Jose Jessica Bas Hernandez,morain@comcast.net
1313,Oxxo,Maria Jose Madrid Campillo,tezbo@me.com
1314,Oxxo,Maria Jose Miranda Llano,scotfl@sbcglobal.net
1315,Oxxo,Maria Manuela Asensio-Mu§iz,claesjac@icloud.com
1316,Oxxo,Maria Manuela Sabater Arana,jguyer@gmail.com
1317,Oxxo,Maria Manuela Sola Jover,agolomsh@live.com
1318,Oxxo,Maria Pilar Jodar Gomez,kwilliams@icloud.com
1319,Oxxo,Maria Samper Sedano,boein@sbcglobal.net
1320,Oxxo,Maria Teresa Hernando-Cepeda,chronos@msn.com
1321,Oxxo,Mariana Alvarez-Roca,rcwil@sbcglobal.net
1322,Oxxo,Marianela Llorens-Alfaro,joelw@me.com
1323,Oxxo,Mariano de Aguilar,plover@comcast.net
1324,Oxxo,Maribel Moles Campos,noneme@mac.com
1325,Oxxo,Maricruz Barcelo Rebollo,wonderkid@icloud.com
1326,Oxxo,Maricruz Haro,andrei@yahoo.ca
1327,Oxxo,Maricruz Tejedor Pons,alastair@verizon.net
1328,Oxxo,Marina Iniesta Franch,jimmichie@aol.com
1329,Oxxo,Marina Sedano Pujadas,mnemonic@yahoo.ca
1330,Oxxo,Mario del Fonseca,jimxugle@mac.com
1331,Oxxo,Marisa Arnaiz Llobet,jcholewa@hotmail.com
1332,Oxxo,Marisa Maria Fernanda Tellez Barranco,frode@optonline.net
1333,Oxxo,Marisela de Goicoechea,wagnerch@me.com
1334,Oxxo,Marisela Giron Exposito,greear@att.net
1335,Oxxo,Marisol Cuesta Aguilar,dobey@live.com
1336,Oxxo,Maristela Ponce,zyghom@aol.com
1337,Oxxo,Marita Pilar Losa Alonso,matloff@hotmail.com
1338,Oxxo,Martin Arroyo Bermudez,sartak@me.com
1339,Oxxo,Martina Salamanca Arce,tfinniga@me.com
1340,Oxxo,Martirio Lourdes Vaquero Pi§a,zavadsky@gmail.com
1341,Oxxo,Martirio Manso-Guzman,satch@sbcglobal.net
1342,Oxxo,Mateo Coll,adhere@verizon.net
1343,Oxxo,Matilde del Catala,enintend@comcast.net
1344,Oxxo,Matilde Suarez Coronado,hahsler@sbcglobal.net
1345,Oxxo,Maura de Alba,jwarren@hotmail.com
1346,Oxxo,Mauricio Acedo Llorente,loscar@live.com
1347,Oxxo,Mauricio Cuervo Lluch,catalog@optonline.net
1348,Oxxo,Maxi Celia Salazar Iniesta,scato@comcast.net
1349,Oxxo,Maxi Moran Sureda,skippy@optonline.net
1350,Oxxo,Maximino del Prada,dunstan@verizon.net
1351,Oxxo,Maximino Figueras,ntegrity@hotmail.com
1352,Oxxo,Maximino Isern Alonso,parrt@gmail.com
1353,Oxxo,Maximo Tirado,twoflower@verizon.net
1354,Oxxo,Mayte Bou Cabezas,duncand@optonline.net
1355,Oxxo,Melania Chaves Corbacho,ullman@me.com
1356,Oxxo,Melchor Barbera Rey,gemmell@msn.com
1357,Oxxo,Melchor Feijoo Garrido,knorr@icloud.com
1358,Oxxo,Merche Arenas-Pareja,ntegrity@gmail.com
1359,Oxxo,Merche Reguera Plaza,rgiersig@aol.com
1360,Oxxo,Micaela de Fuentes,flakeg@gmail.com
1361,Oxxo,Miguel Alvarado Go§i,jbearp@comcast.net
1362,Oxxo,Miguel angel de Contreras,drhyde@comcast.net
1363,Oxxo,Miguela del Sanmartin,caronni@msn.com
1364,Oxxo,Milagros Casas,bastian@att.net
1365,Oxxo,Milagros Fonseca Mendez,emmanuel@me.com
1366,Oxxo,Milagros Gallart Conesa,druschel@yahoo.com
1367,Oxxo,Miriam Martin Casado,jusdisgi@icloud.com
1368,Oxxo,Miriam Pelayo Salazar,kosact@live.com
1369,Oxxo,Modesta de Corominas,druschel@optonline.net
1370,Oxxo,Modesto de Tena,leviathan@msn.com
1371,Oxxo,Moises Malo Merino,brainless@aol.com
1372,Oxxo,Moises Segarra,grothoff@me.com
1373,Oxxo,Monica Barco,matty@yahoo.com
1374,Oxxo,Monica Molina-Perez,reeds@me.com
1375,Oxxo,Morena Gordillo-Franco,moinefou@yahoo.ca
1376,Oxxo,Nacho Cerdan-Vilalta,subir@aol.com
1377,Oxxo,Nadia Espa§a-Salazar,ozawa@me.com
1378,Oxxo,Nadia Maite Roldan Sacristan,yfreund@aol.com
1379,Oxxo,Narcisa Camino Sevilla,luebke@aol.com
1380,Oxxo,Narcisa Franco,chance@outlook.com
1381,Oxxo,Natalia Baro Ca§ete,tedrlord@live.com
1382,Oxxo,Natalia Mu§oz Anaya,baveja@outlook.com
1383,Oxxo,Natalia Sola Solano,raides@verizon.net
1384,Oxxo,Natalio de Aroca,ubergeeb@att.net
1385,Oxxo,Natividad Aguirre Gual,ardagna@sbcglobal.net
1386,Oxxo,Natividad Castilla Cobos,shang@hotmail.com
1387,Oxxo,Nayara Adoracion Carnero Somoza,keutzer@sbcglobal.net
1388,Oxxo,Nayara Gonzalo Manzanares,jtorkbob@optonline.net
1389,Oxxo,Nayara Leal,jyoliver@me.com
1390,Oxxo,Nazaret del Nieto,mugwump@verizon.net
1391,Oxxo,Nazario Diego Pallaräs Benavides,darin@live.com
1392,Oxxo,Nestor Milla,caidaperl@yahoo.com
1393,Oxxo,Nicanor Pla Mora,kildjean@hotmail.com
1394,Oxxo,Nico avila,jsnover@att.net
1395,Oxxo,Nicodemo Humberto Fuster Pina,madanm@comcast.net
1396,Oxxo,Nicolas Olegario Carpio Cordero,microfab@comcast.net
1397,Oxxo,Nicolas Roldan Higueras,yamla@optonline.net
1398,Oxxo,Nicolasa Arcos Oller,lydia@outlook.com
1399,Oxxo,Nidia Mate Benito,kludge@mac.com
1400,Oxxo,Nilda Amat Julia,munge@msn.com
1401,Oxxo,Nilda Amaya Guitart,salesgeek@sbcglobal.net
1402,Oxxo,Nilda Ana Bejarano Bernad,philb@mac.com
1403,Oxxo,Nilda Quintana Nevado,drhyde@mac.com
1404,Oxxo,Nilda Ruano Calleja,bmidd@hotmail.com
1405,Oxxo,Nilda Torralba Leon,jigsaw@outlook.com
1406,Oxxo,Nilo Colom Artigas,telbij@att.net
1407,Oxxo,Noa alvaro Verdejo,lpalmer@mac.com
1408,Oxxo,Noa Ballesteros Pozo,dbrobins@hotmail.com
1409,Oxxo,Noa Corbacho Becerra,dalamb@optonline.net
1410,Oxxo,Noa de Cordoba,sinkou@optonline.net
1411,Oxxo,Noe de Borrego,cderoove@comcast.net
1412,Oxxo,Noe Leon I§iguez,parksh@att.net
1413,Oxxo,Noemi Gelabert Benitez,tattooman@mac.com
1414,Oxxo,Noemi Nogues Carrillo,quantaman@icloud.com
1415,Oxxo,Norberto del Pe§a,skoch@verizon.net
1416,Oxxo,Nydia Anguita,bryanw@hotmail.com
1417,Oxxo,Nydia Rios-Huguet,wainwrig@aol.com
1418,Oxxo,Obdulia Ainara Pinedo Bravo,killmenow@yahoo.ca
1419,Oxxo,Obdulia Beltran Coca,noahb@verizon.net
1420,Oxxo,Octavia Arnau Rosales,bmorrow@hotmail.com
1421,Oxxo,Octavia del alvaro,jmorris@mac.com
1422,Oxxo,Octavio Clemente,mwandel@hotmail.com
1423,Oxxo,Octavio de Milla,report@msn.com
1424,Oxxo,Odalis Santamaria-Cueto,scato@icloud.com
1425,Oxxo,Odalys Garcia Roma,dhwon@verizon.net
1426,Oxxo,Odalys Serafina Conde Llado,kewley@yahoo.com
1427,Oxxo,Odalys Zoraida Vazquez Peiro,studyabr@live.com
1428,Oxxo,Olalla Aviles Nieto,ismail@gmail.com
1429,Oxxo,Olalla Mendez Chamorro,wbarker@yahoo.ca
1430,Oxxo,Olegario del Mateos,ghaviv@mac.com
1431,Oxxo,Onofre Calvo-Pascual,policies@yahoo.com
1432,Oxxo,Onofre Caro Guillen,bryam@icloud.com
1433,Oxxo,Oriana Revilla Perez,shazow@mac.com
1434,Oxxo,Osvaldo Andrade Canton,chrisk@msn.com
1435,Oxxo,Otilia Manso,budinger@att.net
1436,Oxxo,Ovidio de Cabanillas,stakasa@optonline.net
1437,Oxxo,Ovidio Pi§a Gomez,facet@hotmail.com
1438,Oxxo,Pablo Rojas,skaufman@optonline.net
1439,Oxxo,Paca Sanmartin-Ba§os,denism@icloud.com
1440,Oxxo,Paco Cortes,marin@aol.com
1441,Oxxo,Paco Mu§iz Becerra,dpitts@verizon.net
1442,Oxxo,Palmira Gallego Rodriguez,zyghom@comcast.net
1443,Oxxo,Palmira Solis Murcia,sacraver@outlook.com
1444,Oxxo,Paloma Alberto Morell,mlewan@outlook.com
1445,Oxxo,Paloma Boada-Arnal,jguyer@hotmail.com
1446,Oxxo,Panfilo Camacho-Coll,gozer@yahoo.ca
1447,Oxxo,Panfilo Olmo-Segura,dsowsy@live.com
1448,Oxxo,Panfilo Villalobos Villar,klaudon@verizon.net
1449,Oxxo,Paola del Jaume,william@mac.com
1450,Oxxo,Pascual Aurelio Ca§as Ponce,gommix@comcast.net
1451,Oxxo,Pascual del Escudero,fairbank@gmail.com
1452,Oxxo,Pascual Manso Roldan,wilsonpm@verizon.net
1453,Oxxo,Pascuala Coronado,camenisch@hotmail.com
1454,Oxxo,Pascuala Diego Gomis,dexter@sbcglobal.net
1455,Oxxo,Pascuala Linares Manso,mhassel@att.net
1456,Oxxo,Pastor Nestor Villa Bermudez,yfreund@me.com
1457,Oxxo,Pastor Querol Verdugo,sjava@yahoo.com
1458,Oxxo,Pastora Arce Coloma,tsuruta@yahoo.com
1459,Oxxo,Patricia Pinilla-Esparza,sfoskett@aol.com
1460,Oxxo,Paula Codina Mulet,harpes@verizon.net
1461,Oxxo,Paulina del Gonzalo,paulv@verizon.net
1462,Oxxo,Pedro Armengol Mugica,floxy@verizon.net
1463,Oxxo,Pedro Juan Antonio Arrieta Fabregas,kramulous@yahoo.com
1464,Oxxo,Pedro Torrijos,rande@live.com
1465,Oxxo,Pepe Cepeda Valle,kudra@msn.com
1466,Oxxo,Pepe Cid,grossman@msn.com
1467,Oxxo,Pepita Prats Torrens,fudrucker@mac.com
1468,Oxxo,Pepita Vendrell Rosado,bester@live.com
1469,Oxxo,Pepito Catala-Ni§o,elmer@verizon.net
1470,Oxxo,Perlita de Moraleda,brickbat@live.com
1471,Oxxo,Petrona Lujan Corral,dvdotnet@msn.com
1472,Oxxo,Pia Perlita Pina Valles,ilyaz@yahoo.com
1473,Oxxo,Piedad Camino Manso,pjacklam@live.com
1474,Oxxo,Piedad Quesada Mancebo,rmcfarla@att.net
1475,Oxxo,Pili Estevez-Buendia,balchen@gmail.com
1476,Oxxo,Pili Pina Pozuelo,rohitm@sbcglobal.net
1477,Oxxo,Pili Sanchez Pla,arathi@sbcglobal.net
1478,Oxxo,Placido Camino Calvet,bjoern@att.net
1479,Oxxo,Plinio Garcia,kosact@hotmail.com
1480,Oxxo,Poncio Felix Llamas Folch,cyrus@yahoo.com
1481,Oxxo,Poncio Osorio Pujol,jaffe@hotmail.com
1482,Oxxo,Porfirio Peinado Garcia,jmmuller@gmail.com
1483,Oxxo,Primitiva Casares Ruano,timlinux@verizon.net
1484,Oxxo,Prudencia Pareja Requena,dawnsong@verizon.net
1485,Oxxo,Prudencio Herranz,pthomsen@yahoo.com
1486,Oxxo,Prudencio Rio Rodriguez,shrapnull@optonline.net
1487,Oxxo,Purificacion del Gual,zavadsky@me.com
1488,Oxxo,Quique Segui-Amador,yzheng@mac.com
1489,Oxxo,Rafa Giner Bastida,munson@gmail.com
1490,Oxxo,Rafa Puerta Santiago,ryanvm@me.com
1491,Oxxo,Rafael Caro Quevedo,pajas@msn.com
1492,Oxxo,Rafaela de Collado,nacho@yahoo.ca
1493,Oxxo,Ramon Tome Pont,jgmyers@verizon.net
1494,Oxxo,Ramona Dora Marcos Maestre,retoh@me.com
1495,Oxxo,Ramona Riquelme Cuenca,offthelip@outlook.com
1496,Oxxo,Raul Torralba Izquierdo,munjal@icloud.com
1497,Oxxo,Rebeca de Grande,bartak@att.net
1498,Oxxo,Regina Blanca-Rico,sinkou@optonline.net
1499,Oxxo,Regina Rosa Macias,formis@live.com
1500,Oxxo,Regulo del Pou,fudrucker@yahoo.com
1501,Oxxo,Regulo Plaza Jerez,salesgeek@mac.com
1502,Oxxo,Reina Emiliana Acero Arellano,hellfire@verizon.net
1503,Oxxo,Reinaldo Espejo Casanovas,jfmulder@live.com
1504,Oxxo,Reinaldo Pol,gknauss@me.com
1505,Oxxo,Remedios Estefania Montesinos Ponce,tsuruta@verizon.net
1506,Oxxo,Renata Nicolau Pe§as,fmerges@msn.com
1507,Oxxo,Reyes Andres Perales,greear@me.com
1508,Oxxo,Reyes Cordoba Folch,rafasgj@verizon.net
1509,Oxxo,Reyes Zabaleta Haro,maikelnai@outlook.com
1510,Oxxo,Reyna Villalobos Oller,jguyer@live.com
1511,Oxxo,Reynaldo Rossello Sosa,fairbank@outlook.com
1512,Oxxo,Ricarda Alarcon Barco,dimensio@optonline.net
1513,Oxxo,Ricarda Aparicio Prieto,rgarton@comcast.net
1514,Oxxo,Ricarda de Mayoral,atmarks@verizon.net
1515,Oxxo,Ricarda Hernando Hoz,mdielmann@msn.com
1516,Oxxo,Rico Mayo,roamer@verizon.net
1517,Oxxo,Rita Moles Roca,muzzy@verizon.net
1518,Oxxo,Roberta Carlota Boada Vara,murty@msn.com
1519,Oxxo,Roberta Cobos Baeza,dpitts@msn.com
1520,Oxxo,Roberta Nicolas,danzigism@mac.com
1521,Oxxo,Roberta Villegas Iba§ez,mlewan@mac.com
1522,Oxxo,Roberto Ribes-Marco,jmorris@outlook.com
1523,Oxxo,Rocio Salgado Palomo,crowl@mac.com
1524,Oxxo,Rodolfo Hervia Tolosa,koudas@att.net
1525,Oxxo,Rodolfo Mendez Alonso,keijser@me.com
1526,Oxxo,Rodrigo Agustin Blanes,rcwil@verizon.net
1527,Oxxo,Rodrigo Lastra Arco,rasca@mac.com
1528,Oxxo,Roldan Aparicio Recio,wortmanj@icloud.com
1529,Oxxo,Roldan Leon Mateo Melero,jgmyers@comcast.net
1530,Oxxo,Roman del Anglada,agolomsh@verizon.net
1531,Oxxo,Roman del Lago,pjacklam@me.com
1532,Oxxo,Romulo Herranz-Gallart,munge@yahoo.ca
1533,Oxxo,Romulo Salmeron Carre§o,grossman@yahoo.ca
1534,Oxxo,Rosalia Rubio Donaire,dhwon@icloud.com
1535,Oxxo,Rosalina Castejon Rius,ganter@icloud.com
1536,Oxxo,Rosalina Jaume Rovira,weazelman@hotmail.com
1537,Oxxo,Rosalinda Palmer Palau,fmtbebuck@outlook.com
1538,Oxxo,Rosalva Tenorio Carmona,jeteve@outlook.com
1539,Oxxo,Rosaura Conesa Pons,pavel@sbcglobal.net
1540,Oxxo,Rosaura Sans Pe§as,madanm@mac.com
1541,Oxxo,Rosenda Planas Pozuelo,sassen@icloud.com
1542,Oxxo,Ruben Ca§as Lastra,gfxguy@yahoo.com
1543,Oxxo,Ruben Pino,aglassis@msn.com
1544,Oxxo,Rufina Marti-Baena,emmanuel@icloud.com
1545,Oxxo,Rufina Moya Verdu,sburke@live.com
1546,Oxxo,Rufina Tome Salmeron,mailarc@yahoo.ca
1547,Oxxo,Rufino Adrian Reina Gordillo,andersbr@yahoo.com
1548,Oxxo,Rufino Cazorla Ribes,inico@yahoo.ca
1549,Oxxo,Rufino Tudela Soler,jigsaw@msn.com
1550,Oxxo,Ruperta Dieguez Rosales,carroll@live.com
1551,Oxxo,Ruth Cano Casanova,scarolan@yahoo.ca
1552,Oxxo,Ruth Cifuentes Sevilla,farber@comcast.net
1553,Oxxo,Ruth Guardia Sevillano,bhtower@msn.com
1554,Oxxo,Ruy del Segui,wikinerd@msn.com
1555,Oxxo,Ruy i§igo Olmedo Dominguez,bjornk@hotmail.com
1556,Oxxo,Ruy Priego Oller,keijser@yahoo.ca
1557,Oxxo,Sabas Lerma Martin,codex@yahoo.ca
1558,Oxxo,Sabina Baro Ariza,marin@icloud.com
1559,Oxxo,Sabina I§iguez Alberto,carmena@me.com
1560,Oxxo,Salome Bautista Sanabria,satch@verizon.net
1561,Oxxo,Salome Mateo Huguet,enintend@att.net
1562,Oxxo,Salome Sales-Torres,petersen@comcast.net
1563,Oxxo,Salomon Mas Rico,geeber@hotmail.com
1564,Oxxo,Salud Larrea alvaro,treit@optonline.net
1565,Oxxo,Salud Llorens-Carro,mthurn@comcast.net
1566,Oxxo,Samanta Olmedo Bayon,flavell@sbcglobal.net
1567,Oxxo,Samu Galvez Frutos,fudrucker@live.com
1568,Oxxo,Sancho Llabres Gallo,ribet@icloud.com
1569,Oxxo,Sancho Melero Palma,jnolan@optonline.net
1570,Oxxo,Santiago Benitez Almeida,catalog@aol.com
1571,Oxxo,Santiago Diaz Reina,torgox@verizon.net
1572,Oxxo,Santos Aleman Garmendia,oneiros@me.com
1573,Oxxo,Sara Corominas Blanca,wbarker@sbcglobal.net
1574,Oxxo,Sara del Lastra,matty@aol.com
1575,Oxxo,Sara Francisco,arathi@gmail.com
1576,Oxxo,Sara Girona-Rebollo,bader@outlook.com
1577,Oxxo,Sarita Rivas Pinilla,cparis@verizon.net
1578,Oxxo,Saturnina Armengol Juarez,kmiller@outlook.com
1579,Oxxo,Saturnina Parejo Portillo,raides@me.com
1580,Oxxo,Saturnina Ribas Jimenez,amcuri@yahoo.com
1581,Oxxo,Sebastian Carnero Uriarte,seano@hotmail.com
1582,Oxxo,Sebastian de Camps,matty@yahoo.ca
1583,Oxxo,Selena Nebot Montes,guialbu@me.com
1584,Oxxo,Selena Sales Cerda,dpitts@live.com
1585,Oxxo,Serafina Marcela Solano Alfaro,nichoj@yahoo.com
1586,Oxxo,Severiano Llorente Calatayud,ninenine@comcast.net
1587,Oxxo,Severino Montesinos Benet,jelmer@verizon.net
1588,Oxxo,Sigfrido Delgado Jara,munjal@mac.com
1589,Oxxo,Silvestre de Figueras,seano@me.com
1590,Oxxo,Simon del Jaen,scarolan@mac.com
1591,Oxxo,Socorro Cordero Salas,kmiller@icloud.com
1592,Oxxo,Socorro Pinedo Millan,thaljef@hotmail.com
1593,Oxxo,Sofia Guillen-Montero,dwendlan@verizon.net
1594,Oxxo,Sofia Jimenez Soriano,wbarker@hotmail.com
1595,Oxxo,Soledad Ros Agustin,seanq@hotmail.com
1596,Oxxo,Sonia Aller-Aparicio,attwood@comcast.net
1597,Oxxo,Sonia Isabel Trillo Lasa,muadip@msn.com
1598,Oxxo,Sonia Macias Palomares,nogin@live.com
1599,Oxxo,Sonia Prudencia Sola Cuadrado,kingma@hotmail.com
1600,Oxxo,Sosimo Tellez,caidaperl@verizon.net
1601,Oxxo,Susanita Cortes Diego,cosimo@msn.com
1602,Oxxo,Susanita Gargallo Domingo,bachmann@comcast.net
1603,Oxxo,Tadeo Tomas Aller,bader@me.com
1604,Oxxo,Tamara Echeverria Castello,klaudon@yahoo.com
1605,Oxxo,Tania Catalan Galvan,tbeck@icloud.com
1606,Oxxo,Tatiana del Aguado,kannan@yahoo.com
1607,Oxxo,Tatiana Morales Palomares,gboss@me.com
1608,Oxxo,Tecla Cerdan Novoa,matthijs@gmail.com
1609,Oxxo,Tecla de Manuel,curly@icloud.com
1610,Oxxo,Teo Carreras Prats,wortmanj@yahoo.com
1611,Oxxo,Teo Llopis Pi§a,dkrishna@msn.com
1612,Oxxo,Teo Quero Beltran,webinc@outlook.com
1613,Oxxo,Teo Sastre Moya,xtang@sbcglobal.net
1614,Oxxo,Teo Velazquez Mas,anicolao@aol.com
1615,Oxxo,Teobaldo Cozar Blanch,ateniese@hotmail.com
1616,Oxxo,Teodoro Osorio Carpio,hllam@outlook.com
1617,Oxxo,Teodosio Benet Samper,gamma@live.com
1618,Oxxo,Teodosio Carbo-Cruz,barnett@sbcglobal.net
1619,Oxxo,Teofila Prat-Valls,hedwig@outlook.com
1620,Oxxo,Teofila Sole-Bosch,mbswan@msn.com
1621,Oxxo,Teofilo Palacios-Coronado,citadel@gmail.com
1622,Oxxo,Tere Alberto Urrutia,ajohnson@yahoo.ca
1623,Oxxo,Tere Monreal Botella,stellaau@me.com
1624,Oxxo,Teresita Pol Escalona,mallanmba@me.com
1625,Oxxo,Teresita Rosa Carrillo Valcarcel,tangsh@verizon.net
1626,Oxxo,Teresita Sobrino Palomares,rogerspl@msn.com
1627,Oxxo,Tiburcio Ovidio Jover Castello,mugwump@outlook.com
1628,Oxxo,Tiburcio Ramon Salom,hampton@att.net
1629,Oxxo,Tiburcio Sebastian Vigil Poza,wsnyder@yahoo.ca
1630,Oxxo,Tito del Arrieta,jrkorson@hotmail.com
1631,Oxxo,Tito Domenech,danneng@aol.com
1632,Oxxo,Tomas Rodriguez Rueda,flavell@outlook.com
1633,Oxxo,To§o Acevedo Robles,danny@outlook.com
1634,Oxxo,To§o Jenaro Sainz Marti,webinc@aol.com
1635,Oxxo,Toribio Maestre Cueto,mbrown@sbcglobal.net
1636,Oxxo,Trini Quiros Ferrero,mjewell@mac.com
1637,Oxxo,Trinidad Aramburu,psichel@comcast.net
1638,Oxxo,Trinidad Cobo Marmol,joelw@outlook.com
1639,Oxxo,Trinidad Valencia Pablo,ramollin@msn.com
1640,Oxxo,Tristan Zamorano Alegria,rnelson@live.com
1641,Oxxo,Ulises de Company,schumer@optonline.net
1642,Oxxo,Ulises Valero Clemente,eabrown@sbcglobal.net
1643,Oxxo,Urbano Gomez Atienza,kourai@verizon.net
1644,Oxxo,Valentin Artigas Carnero,drezet@aol.com
1645,Oxxo,Valentina Enriquez Montalban,lukka@mac.com
1646,Oxxo,Valentina Felisa Morillo Ca§ete,haddawy@att.net
1647,Oxxo,Valeria Caballero Mur,rattenbt@att.net
1648,Oxxo,Valero Rey,rcwil@optonline.net
1649,Oxxo,Vasco Grau Acevedo,danneng@gmail.com
1650,Oxxo,Vasco Polo Ba§os,empathy@msn.com
1651,Oxxo,Venceslas Hoyos Palacios,plover@yahoo.com
1652,Oxxo,Vera Daza Taboada,jandrese@yahoo.com
1653,Oxxo,Vera Salmeron Montoya,ateniese@hotmail.com
1654,Oxxo,Veronica Carmina Riba Criado,presoff@aol.com
1655,Oxxo,Vicenta Grau Naranjo,teverett@me.com
1656,Oxxo,Victor de Sastre,jrkorson@icloud.com
1657,Oxxo,Victor Manuel Anguita Cabrero,benits@gmail.com
1658,Oxxo,Victor Manuel del Castilla,duchamp@sbcglobal.net
1659,Oxxo,Victor Manuel Fermin Malo Canovas,agolomsh@gmail.com
1660,Oxxo,Victor Puente,ilial@gmail.com
1661,Oxxo,Victoriano Fabra-Vi§as,nanop@hotmail.com
1662,Oxxo,Victoriano Sancho Llanos,dcoppit@sbcglobal.net
1663,Oxxo,Vilma de Cabeza,yfreund@sbcglobal.net
1664,Oxxo,Vilma de Rosado,maratb@att.net
1665,Oxxo,Violeta Buendia Barcena,djupedal@gmail.com
1666,Oxxo,Virgilio Rios Moreno,cmdrgravy@comcast.net
1667,Oxxo,Virginia Puga Prado,noticias@hotmail.com
1668,Oxxo,Vito Mesa-Ayala,catalog@mac.com
1669,Oxxo,Vito Torrents Bellido,grady@comcast.net
1670,Oxxo,Viviana Bello Alberdi,ribet@hotmail.com
1671,Oxxo,Viviana Constanza Morante Mateo,pizza@gmail.com
1672,Oxxo,Wilfredo Jacinto Ballester Feijoo,rohitm@gmail.com
1673,Oxxo,Xiomara Cabrero Suarez,dkeeler@comcast.net
1674,Oxxo,Xiomara Fuente Vergara,hllam@aol.com
1675,Oxxo,Xiomara Jove Tolosa,gamma@aol.com
1676,Oxxo,Xiomara Serna,stewwy@mac.com
1677,Oxxo,Yago Zabaleta Catalan,report@gmail.com
1678,Oxxo,Yesica Porcel Pelaez,ralamosm@msn.com
1679,Oxxo,Zacarias Aragon,lahvak@live.com
1680,Oxxo,Zaira Tamarit Atienza,kwilliams@gmail.com
1681,Oxxo,Zoraida Cuesta Peiro,jgoerzen@me.com
1682,Oxxo,A. Scott Wright,a-scott-wright@adventureworks.com
1683,Oxxo,Alan Brewer,alan-brewer@adventureworks.com
1684,Oxxo,Alejandro McGuel,alejandro-mcguel@adventureworks.com
1685,Oxxo,Alex Nayberg,alex-nayberg@adventureworks.com
1686,Oxxo,Alice Ciccu,alice-ciccu@adventureworks.com
1687,Oxxo,Amy Alberts,amy-alberts@adventureworks.com
1688,Oxxo,Andreas Berglund,andreas-berglund@adventureworks.com
1689,Oxxo,Andrew Cencini,andrew-cencini@adventureworks.com
1690,Oxxo,Andrew Hill,andrew-hill@adventureworks.com
1691,Oxxo,Andy Ruth,andy-ruth@adventureworks.com
1692,Oxxo,Angela Barbariol,angela-barbariol@adventureworks.com
1693,Oxxo,Anibal Sousa,anibal-sousa@adventureworks.com
1694,Oxxo,Annette Hill,annette-hill@adventureworks.com
1695,Oxxo,Annik Stahl,annik-stahl@adventureworks.com
1696,Oxxo,Arvind Rao,arvind-rao@adventureworks.com
1697,Oxxo,Ashvini Sharma,ashvini-sharma@adventureworks.com
1698,Oxxo,Barbara Decker,barbara-decker@adventureworks.com
1699,Oxxo,Barbara Moreland,barbara-moreland@adventureworks.com
1700,Oxxo,Baris Cetinok,baris-cetinok@adventureworks.com
1701,Oxxo,Barry Johnson,barry-johnson@adventureworks.com
1702,Oxxo,Belinda Newman,belinda-newman@adventureworks.com
1703,Oxxo,Ben Miller,ben-miller@adventureworks.com
1704,Oxxo,Benjamin Martin,benjamin-martin@adventureworks.com
1705,Oxxo,Betsy Stadick,betsy-stadick@adventureworks.com
1706,Oxxo,Bjorn Rettig,bjorn-rettig@adventureworks.com
1707,Oxxo,Bob Hohman,bob-hohman@adventureworks.com
1708,Oxxo,Bonnie Kearney,bonnie-kearney@adventureworks.com
1709,Oxxo,Brandon Heidepriem,brandon-heidepriem@adventureworks.com
1710,Oxxo,Brenda Diaz,brenda-diaz@adventureworks.com
1711,Oxxo,Brian Goldstein,brian-goldstein@adventureworks.com
1712,Oxxo,Brian LaMee,brian-lamee@adventureworks.com
1713,Oxxo,Brian Lloyd,brian-lloyd@adventureworks.com
1714,Oxxo,Brian Welcker,brian-welcker@adventureworks.com
1715,Oxxo,Britta Simon,britta-simon@adventureworks.com
1716,Oxxo,Bryan Baker,bryan-baker@adventureworks.com
1717,Oxxo,Bryan Walton,bryan-walton@adventureworks.com
1718,Oxxo,Candy Spoon,candy-spoon@adventureworks.com
1719,Oxxo,Carol Philips,carol-philips@adventureworks.com
1720,Oxxo,Carole Poland,carole-poland@adventureworks.com
1721,Oxxo,Chad Niswonger,chad-niswonger@adventureworks.com
1722,Oxxo,Charles Fitzgerald,charles-fitzgerald@adventureworks.com
1723,Oxxo,Chris Norred,chris-norred@adventureworks.com
1724,Oxxo,Chris Okelberry,chris-okelberry@adventureworks.com
1725,Oxxo,Chris Preston,chris-preston@adventureworks.com
1726,Oxxo,Christian Kleinerman,christian-kleinerman@adventureworks.com
1727,Oxxo,Christopher Hill,christopher-hill@adventureworks.com
1728,Oxxo,Cristian Petculescu,cristian-petculescu@adventureworks.com
1729,Oxxo,Cynthia Randall,cynthia-randall@adventureworks.com
1730,Oxxo,Dan Bacon,dan-bacon@adventureworks.com
1731,Oxxo,Dan Wilson,dan-wilson@adventureworks.com
1732,Oxxo,Danielle Tiedt,danielle-tiedt@adventureworks.com
1733,Oxxo,David Barber,david-barber@adventureworks.com
1734,Oxxo,David Bradley,david-bradley@adventureworks.com
1735,Oxxo,David Bradley,david-bradley@adventureworks.com
1736,Oxxo,David Campbell,david-campbell@adventureworks.com
1737,Oxxo,David Hamilton,david-hamilton@adventureworks.com
1738,Oxxo,David Johnson,david-johnson@adventureworks.com
1739,Oxxo,David Lawrence,david-lawrence@adventureworks.com
1740,Oxxo,David Liu,david-liu@adventureworks.com
1741,Oxxo,David Ortiz,david-ortiz@adventureworks.com
1742,Oxxo,David Yalovsky,david-yalovsky@adventureworks.com
1743,Oxxo,Deborah Poe,deborah-poe@adventureworks.com
1744,Oxxo,Denise Smith,denise-smith@adventureworks.com
1745,Oxxo,Diane Glimp,diane-glimp@adventureworks.com
1746,Oxxo,Diane Margheim,diane-margheim@adventureworks.com
1747,Oxxo,Diane Tibbott,diane-tibbott@adventureworks.com
1748,Oxxo,Don Hall,don-hall@adventureworks.com
1749,Oxxo,Doris Hartwig,doris-hartwig@adventureworks.com
1750,Oxxo,Douglas Hite,douglas-hite@adventureworks.com
1751,Oxxo,Dragan Tomic,dragan-tomic@adventureworks.com
1752,Oxxo,Dylan Miller,dylan-miller@adventureworks.com
1753,Oxxo,Ebru Ersan,ebru-ersan@adventureworks.com
1754,Oxxo,Ed Dudenhoefer,ed-dudenhoefer@adventureworks.com
1755,Oxxo,Elizabeth Keyser,elizabeth-keyser@adventureworks.com
1756,Oxxo,Eric Brown,eric-brown@adventureworks.com
1757,Oxxo,Eric Gubbels,eric-gubbels@adventureworks.com
1758,Oxxo,Eric Kurjan,eric-kurjan@adventureworks.com
1759,Oxxo,Erin Hagens,erin-hagens@adventureworks.com
1760,Oxxo,Eugene Kogan,eugene-kogan@adventureworks.com
1761,Oxxo,Eugene Zabokritski,eugene-zabokritski@adventureworks.com
1762,Oxxo,Fadi Fakhouri,fadi-fakhouri@adventureworks.com
1763,Oxxo,Franáois Ajenstat,francois-ajenstat@adventureworks.com
1764,Oxxo,Frank Lee,frank-lee@adventureworks.com
1765,Oxxo,Frank Martinez,frank-martinez@adventureworks.com
1766,Oxxo,Frank Miller,frank-miller@adventureworks.com
1767,Oxxo,Frank Pellow,frank-pellow@adventureworks.com
1768,Oxxo,Fred Northup,fred-northup@adventureworks.com
1769,Oxxo,Fukiko Ogisu,fukiko-ogisu@adventureworks.com
1770,Oxxo,Gabe Mares,gabe-mares@adventureworks.com
1771,Oxxo,Gail Erickson,gail-erickson@adventureworks.com
1772,Oxxo,Garrett Vargas,garrett-vargas@adventureworks.com
1773,Oxxo,Garrett Young,garrett-young@adventureworks.com
1774,Oxxo,Gary Altman,gary-altman@adventureworks.com
1775,Oxxo,Gary Yukish,gary-yukish@adventureworks.com
1776,Oxxo,George Li,george-li@adventureworks.com
1777,Oxxo,Gigi Matthew,gigi-matthew@adventureworks.com
1778,Oxxo,Gordon Hee,gordon-hee@adventureworks.com
1779,Oxxo,Grant Culbertson,grant-culbertson@adventureworks.com
1780,Oxxo,Greg Alderson,greg-alderson@adventureworks.com
1781,Oxxo,Guy Gilbert,guy-gilbert@adventureworks.com
1782,Oxxo,Hanying Feng,hanying-feng@adventureworks.com
1783,Oxxo,Hao Chen,hao-chen@adventureworks.com
1784,Oxxo,Hazem Abolrous,hazem-abolrous@adventureworks.com
1785,Oxxo,Houman Pournasseh,houman-pournasseh@adventureworks.com
1786,Oxxo,Hung-Fu Ting,hung-fu-ting@adventureworks.com
1787,Oxxo,Ivo Salmre,ivo-salmre@adventureworks.com
1788,Oxxo,Jack Creasey,jack-creasey@adventureworks.com
1789,Oxxo,Jack Richins,jack-richins@adventureworks.com
1790,Oxxo,Jae Pak,jae-pak@adventureworks.com
1791,Oxxo,James Hamilton,james-hamilton@adventureworks.com
1792,Oxxo,James Kramer,james-kramer@adventureworks.com
1793,Oxxo,Jan Miksovsky,jan-miksovsky@adventureworks.com
1794,Oxxo,Janaina Bueno,janaina-bueno@adventureworks.com
1795,Oxxo,Janet Sheperdigian,janet-sheperdigian@adventureworks.com
1796,Oxxo,Janeth Esteves,janeth-esteves@adventureworks.com
1797,Oxxo,Janice Galvin,janice-galvin@adventureworks.com
1798,Oxxo,Jason Watters,jason-watters@adventureworks.com
1799,Oxxo,Jay Adams,jay-adams@adventureworks.com
1800,Oxxo,Jean Trenary,jean-trenary@adventureworks.com
1801,Oxxo,Jeff Hay,jeff-hay@adventureworks.com
1802,Oxxo,Jeffrey Ford,jeffrey-ford@adventureworks.com
1803,Oxxo,Jian Shuo Wang,jian shuo-wang@adventureworks.com
1804,Oxxo,Jill Williams,jill-williams@adventureworks.com
1805,Oxxo,Jillian Carson,jillian-carson@adventureworks.com
1806,Oxxo,Jim Scardelis,jim-scardelis@adventureworks.com
1807,Oxxo,Jimmy Bischoff,jimmy-bischoff@adventureworks.com
1808,Oxxo,Jinghao Liu,jinghao-liu@adventureworks.com
1809,Oxxo,Jo Berry,jo-berry@adventureworks.com
1810,Oxxo,Jo Brown,jo-brown@adventureworks.com
1811,Oxxo,John Campbell,john-campbell@adventureworks.com
1812,Oxxo,John Chen,john-chen@adventureworks.com
1813,Oxxo,John Evans,john-evans@adventureworks.com
1814,Oxxo,John Frum,john-frum@adventureworks.com
1815,Oxxo,John Kane,john-kane@adventureworks.com
1816,Oxxo,John Wood,john-wood@adventureworks.com
1817,Oxxo,JoLynn Dobney,jolynn-dobney@adventureworks.com
1818,Oxxo,Jose Lugo,jose-lugo@adventureworks.com
1819,Oxxo,JosÇ Saraiva,jose-saraiva@adventureworks.com
1820,Oxxo,Jossef Goldberg,jossef-goldberg@adventureworks.com
1821,Oxxo,Jun Cao,jun-cao@adventureworks.com
1822,Oxxo,Karan Khanna,karan-khanna@adventureworks.com
1823,Oxxo,Karen Berg,karen-berg@adventureworks.com
1824,Oxxo,Karen Berge,karen-berge@adventureworks.com
1825,Oxxo,Kathie Flood,kathie-flood@adventureworks.com
1826,Oxxo,Katie McAskill-White,katie-mcaskill-white@adventureworks.com
1827,Oxxo,Ken Myer,ken-myer@adventureworks.com
1828,Oxxo,Ken S†nchez,ken-sanchez@adventureworks.com
1829,Oxxo,Kendall Keil,kendall-keil@adventureworks.com
1830,Oxxo,Kevin Brown,kevin-brown@adventureworks.com
1831,Oxxo,Kevin Homer,kevin-homer@adventureworks.com
1832,Oxxo,Kevin Liu,kevin-liu@adventureworks.com
1833,Oxxo,Kim Abercrombie,kim-abercrombie@adventureworks.com
1834,Oxxo,Kim Ralls,kim-ralls@adventureworks.com
1835,Oxxo,Kimberly Zimmerman,kimberly-zimmerman@adventureworks.com
1836,Oxxo,Kirk Koenigsbauer,kirk-koenigsbauer@adventureworks.com
1837,Oxxo,Kitti Lertpiriyasuwat,kitti-lertpiriyasuwat@adventureworks.com
1838,Oxxo,Kok-Ho Loh,kok-ho-loh@adventureworks.com
1839,Oxxo,Krishna Sunkammurali,krishna-sunkammurali@adventureworks.com
1840,Oxxo,Lane Sacksteder,lane-sacksteder@adventureworks.com
1841,Oxxo,Laura Norman,laura-norman@adventureworks.com
1842,Oxxo,Laura Norman,laura-norman@adventureworks.com
1843,Oxxo,Laura Steele,laura-steele@adventureworks.com
1844,Oxxo,Linda Meisner,linda-meisner@adventureworks.com
1845,Oxxo,Linda Mitchell,linda-mitchell@adventureworks.com
1846,Oxxo,Linda Moschell,linda-moschell@adventureworks.com
1847,Oxxo,Linda Randall,linda-randall@adventureworks.com
1848,Oxxo,Lionel Penuchot,lionel-penuchot@adventureworks.com
1849,Oxxo,Lolan Song,lolan-song@adventureworks.com
1850,Oxxo,Lori Kane,lori-kane@adventureworks.com
1851,Oxxo,Lori Penor,lori-penor@adventureworks.com
1852,Oxxo,Lorraine Nay,lorraine-nay@adventureworks.com
1853,Oxxo,Lynn Tsoflias,lynn-tsoflias@adventureworks.com
1854,Oxxo,Maciej Dusza,maciej-dusza@adventureworks.com
1855,Oxxo,Magnus Hedlund,magnus-hedlund@adventureworks.com
1856,Oxxo,Mandar Samant,mandar-samant@adventureworks.com
1857,Oxxo,Marc Ingle,marc-ingle@adventureworks.com
1858,Oxxo,Margie Shoop,margie-shoop@adventureworks.com
1859,Oxxo,Mark Harrington,mark-harrington@adventureworks.com
1860,Oxxo,Mark McArthur,mark-mcarthur@adventureworks.com
1861,Oxxo,Mary Baker,mary-baker@adventureworks.com
1862,Oxxo,Mary Dempsey,mary-dempsey@adventureworks.com
1863,Oxxo,Mary Gibson,mary-gibson@adventureworks.com
1864,Oxxo,Matthias Berndt,matthias-berndt@adventureworks.com
1865,Oxxo,Merav Netz,merav-netz@adventureworks.com
1866,Oxxo,Michael Blythe,michael-blythe@adventureworks.com
1867,Oxxo,Michael Entin,michael-entin@adventureworks.com
1868,Oxxo,Michael Hines,michael-hines@adventureworks.com
1869,Oxxo,Michael Patten,michael-patten@adventureworks.com
1870,Oxxo,Michael Raheem,michael-raheem@adventureworks.com
1871,Oxxo,Michael Ray,michael-ray@adventureworks.com
1872,Oxxo,Michael Rothkugel,michael-rothkugel@adventureworks.com
1873,Oxxo,Michael Sullivan,michael-sullivan@adventureworks.com
1874,Oxxo,Michael Vanderhyde,michael-vanderhyde@adventureworks.com
1875,Oxxo,Michael Zwilling,michael-zwilling@adventureworks.com
1876,Oxxo,Michiko Osada,michiko-osada@adventureworks.com
1877,Oxxo,Mihail Frintu,mihail-frintu@adventureworks.com
1878,Oxxo,Mikael Sandberg,mikael-sandberg@adventureworks.com
1879,Oxxo,Mike Seamans,mike-seamans@adventureworks.com
1880,Oxxo,Min Su,min-su@adventureworks.com
1881,Oxxo,Mindaugas Krapauskas,mindaugas-krapauskas@adventureworks.com
1882,Oxxo,Mindy Martin,mindy-martin@adventureworks.com
1883,Oxxo,Nancy Anderson,nancy-anderson@adventureworks.com
1884,Oxxo,Nicole Holliday,nicole-holliday@adventureworks.com
1885,Oxxo,Nitin Mirchandani,nitin-mirchandani@adventureworks.com
1886,Oxxo,Nuan Yu,nuan-yu@adventureworks.com
1887,Oxxo,Olinda Turner,olinda-turner@adventureworks.com
1888,Oxxo,Ovidiu Cracium,ovidiu-cracium@adventureworks.com
1889,Oxxo,Pamela Ansman-Wolfe,pamela-ansman-wolfe@adventureworks.com
1890,Oxxo,Pat Coleman,pat-coleman@adventureworks.com
1891,Oxxo,Patrick Cook,patrick-cook@adventureworks.com
1892,Oxxo,Patrick Wedge,patrick-wedge@adventureworks.com
1893,Oxxo,Paul Komosinski,paul-komosinski@adventureworks.com
1894,Oxxo,Paul Singh,paul-singh@adventureworks.com
1895,Oxxo,Paula Barreto de Mattos,paula-barreto-de-mattos@adventureworks.com
1896,Oxxo,Paula Nartker,paula-nartker@adventureworks.com
1897,Oxxo,Peng Wu,peng-wu@adventureworks.com
1898,Oxxo,Pete Male,pete-male@adventureworks.com
1899,Oxxo,Peter Connelly,peter-connelly@adventureworks.com
1900,Oxxo,Peter Krebs,peter-krebs@adventureworks.com
1901,Oxxo,Pilar Ackerman,pilar-ackerman@adventureworks.com
1902,Oxxo,Prasanna Samarawickrama,prasanna-samarawickrama@adventureworks.com
1903,Oxxo,Rachel Valdez,rachel-valdez@adventureworks.com
1904,Oxxo,Rajesh Patel,rajesh-patel@adventureworks.com
1905,Oxxo,Ramesh Meyyappan,ramesh-meyyappan@adventureworks.com
1906,Oxxo,Randy Reeves,randy-reeves@adventureworks.com
1907,Oxxo,Ranjit Varkey Chudukatil,ranjit-varkey-chudukatil@adventureworks.com
1908,Oxxo,Raymond Sam,raymond-sam@adventureworks.com
1909,Oxxo,Rebecca Laszlo,rebecca-laszlo@adventureworks.com
1910,Oxxo,Reed Koch,reed-koch@adventureworks.com
1911,Oxxo,Reinout Hillmann,reinout-hillmann@adventureworks.com
1912,Oxxo,Reuben D'sa,reuben-dsa@adventureworks.com
1913,Oxxo,Rob Caron,rob-caron@adventureworks.com
1914,Oxxo,Rob Walters,rob-walters@adventureworks.com
1915,Oxxo,Rob Walters,rob-walters@adventureworks.com
1916,Oxxo,Robert Rounthwaite,robert-rounthwaite@adventureworks.com
1917,Oxxo,Roberto Tamburello,roberto-tamburello@adventureworks.com
1918,Oxxo,Rostislav Shabalin,rostislav-shabalin@adventureworks.com
1919,Oxxo,Russell Hunter,russell-hunter@adventureworks.com
1920,Oxxo,Russell King,russell-king@adventureworks.com
1921,Oxxo,Ruth Ellerbrock,ruth-ellerbrock@adventureworks.com
1922,Oxxo,Ryan Cornelsen,ryan-cornelsen@adventureworks.com
1923,Oxxo,Sairaj Uddin,sairaj-uddin@adventureworks.com
1924,Oxxo,Samantha Smith,samantha-smith@adventureworks.com
1925,Oxxo,Sameer Tejani,sameer-tejani@adventureworks.com
1926,Oxxo,Sandeep Kaliyath,sandeep-kaliyath@adventureworks.com
1927,Oxxo,Sandra Re†tegui Alayo,sandra-reategui-alayo@adventureworks.com
1928,Oxxo,Sariya Harnpadoungsataya,sariya-harnpadoungsataya@adventureworks.com
1929,Oxxo,Scott Gode,scott-gode@adventureworks.com
1930,Oxxo,Sean Alexander,sean-alexander@adventureworks.com
1931,Oxxo,Sean Chai,sean-chai@adventureworks.com
1932,Oxxo,Shammi Mohamed,shammi-mohamed@adventureworks.com
1933,Oxxo,Shane Kim,shane-kim@adventureworks.com
1934,Oxxo,Sharon Salavaria,sharon-salavaria@adventureworks.com
1935,Oxxo,Sheela Word,sheela-word@adventureworks.com
1936,Oxxo,Sheela Word,sheela-word@adventureworks.com
1937,Oxxo,Sheela Word,sheela-word@adventureworks.com
1938,Oxxo,Shelley Dyck,shelley-dyck@adventureworks.com
1939,Oxxo,Shu Ito,shu-ito@adventureworks.com
1940,Oxxo,Sidney Higa,sidney-higa@adventureworks.com
1941,Oxxo,Simon Rapier,simon-rapier@adventureworks.com
1942,Oxxo,Sootha Charncherngkha,sootha-charncherngkha@adventureworks.com
1943,Oxxo,Stefen Hesse,stefen-hesse@adventureworks.com
1944,Oxxo,Stephanie Conroy,stephanie-conroy@adventureworks.com
1945,Oxxo,Stephen Jiang,stephen-jiang@adventureworks.com
1946,Oxxo,Steve Masters,steve-masters@adventureworks.com
1947,Oxxo,Steven Selikoff,steven-selikoff@adventureworks.com
1948,Oxxo,Stuart Macrae,stuart-macrae@adventureworks.com
1949,Oxxo,Stuart Munson,stuart-munson@adventureworks.com
1950,Oxxo,Suchitra Mohan,suchitra-mohan@adventureworks.com
1951,Oxxo,Suroor Fatima,suroor-fatima@adventureworks.com
1952,Oxxo,Susan Eaton,susan-eaton@adventureworks.com
1953,Oxxo,Susan Metters,susan-metters@adventureworks.com
1954,Oxxo,Syed Abbas,syed-abbas@adventureworks.com
1955,Oxxo,Sylvester Valdez,sylvester-valdez@adventureworks.com
1956,Oxxo,Tawana Nusbaum,tawana-nusbaum@adventureworks.com
1957,Oxxo,Taylor Maxwell,taylor-maxwell@adventureworks.com
1958,Oxxo,Tengiz Kharatishvili,tengiz-kharatishvili@adventureworks.com
1959,Oxxo,Terrence Earls,terrence-earls@adventureworks.com
1960,Oxxo,Terri Duffy,terri-duffy@adventureworks.com
1961,Oxxo,Terry Eminhizer,terry-eminhizer@adventureworks.com
1962,Oxxo,Tete Mensa-Annan,tete-mensa-annan@adventureworks.com
1963,Oxxo,Thierry D'Hers,thierry-dhers@adventureworks.com
1964,Oxxo,Thomas Michaels,thomas-michaels@adventureworks.com
1965,Oxxo,Tom Vande Velde,tom-vande-velde@adventureworks.com
1966,Oxxo,Tsvi Reiter,tsvi-reiter@adventureworks.com
1967,Oxxo,Vamsi Kuppa,vamsi-kuppa@adventureworks.com
1968,Oxxo,Vidur Luthra,vidur-luthra@adventureworks.com
1969,Oxxo,Wanida Benshoof,wanida-benshoof@adventureworks.com
1970,Oxxo,Wendy Kahn,wendy-kahn@adventureworks.com
1971,Oxxo,William Vong,william-vong@adventureworks.com
1972,Oxxo,William Vong,william-vong@adventureworks.com
1973,Oxxo,Willis Johnson,willis-johnson@adventureworks.com
1974,Oxxo,Yuhong Li,yuhong-li@adventureworks.com
1975,Oxxo,Yvonne McKay,yvonne-mckay@adventureworks.com
1976,Oxxo,Zainal Arifin,zainal-arifin@adventureworks.com
1977,Oxxo,Zheng Mu,zheng-mu@adventureworks.com
1978,Paie Phenix,Teofila Sole-Bosch,mbswan@msn.com
1979,Panetteria Vittoria,Mauricio Acedo Llorente,loscar@live.com
1980,Parece Moveis,edgar Campoy Rico,chrisj@mac.com
1981,Passeig intel˙ligent,Coral Tudela,makarow@verizon.net
1982,Passeio inteligente,Ema Requena Villalonga,druschel@outlook.com
1983,Passe-partout,Balduino Elorza Morera,presoff@mac.com
1984,Peces dautomïbils Maverick,Jesus Gomis Nevado,stefano@sbcglobal.net
1985,Pense 360,Calixto Losada Gelabert,budinger@att.net
1986,Perfurado,Margarita Rovira Gabaldon,bmidd@verizon.net
1987,Perlen gemustert,Virgilio Rios Moreno,cmdrgravy@comcast.net
1988,Perles aux yeux,Felipa Abril Vargas,kramulous@optonline.net
1989,Perline Eyed,Chema Andrade Gabaldon,hling@sbcglobal.net
1990,Ph5 Platform,Graciana Guardiola Melero,yruan@yahoo.ca
1991,Ph5-Plattform,Reyes Zabaleta Haro,maikelnai@outlook.com
1992,Phoenix Gehaltsabrechnung,Eulalia aguila,aracne@hotmail.com
1993,Phoenix Payroll,Selena Nebot Montes,guialbu@me.com
1994,Piattaforma Ph5,Carmina Bernarda Castro Casado,dwsauder@sbcglobal.net
1995,Piäces dauto Maverick,Teo Sastre Moya,xtang@sbcglobal.net
1996,Plan de talents,Alex Mayol Aparicio,bulletin@mac.com
1997,Plano de talentos,Tomas Rodriguez Rueda,flavell@outlook.com
1998,Plataforma Ph5,Jose Francisco Esteban Quevedo,miyop@verizon.net
1999,Plateforme Ph5,Humberto de Escriva,hampton@yahoo.ca
2000,Player,Valentina Enriquez Montalban,lukka@mac.com
2001,Podc,Hector Prat-Rio,gknauss@mac.com
2002,Premier Internacional,Asdrubal Esteban Ruano,wayward@verizon.net
2003,Premier International,Dionisia Casta§eda Abad,codex@mac.com
2004,Premier Internazionale,Pili Estevez-Buendia,balchen@gmail.com
2005,Premiäre Internationale,Martirio Lourdes Vaquero Pi§a,zavadsky@gmail.com
2006,Primera Internacional,Daniela de Jove,sakusha@yahoo.com
2007,Progetto Tambore,Crescencia de Nicolau,stellaau@hotmail.com
2008,Programari d'equip,Americo Gilberto Soria Morcillo,mhoffman@comcast.net
2009,Programari Smartworld,Marisa Arnaiz Llobet,jcholewa@hotmail.com
2010,Projecte Tambore,Octavio de Milla,report@msn.com
2011,Projet Tambore,Pastora Arce Coloma,tsuruta@yahoo.com
2012,Projeto Tambore,Nicolas Olegario Carpio Cordero,microfab@comcast.net
2013,Psi Engineering,Basilio Esteve-Llopis,adillon@icloud.com
2014,Psi-Technik,Lino Clavero Diez,duchamp@icloud.com
2015,Pt Teknikasi Study,Javi del Sevillano,jbuchana@yahoo.ca
2016,Pt Teknikasi-Studie,Nilda Quintana Nevado,drhyde@mac.com
2017,Pt2 Services,Sara Girona-Rebollo,bader@outlook.com
2018,Pt2-Dienste,Guadalupe Jose Maria Manrique Barriga,thrymm@optonline.net
2019,Pubsearch,Arturo Ferran Terron,neonatus@yahoo.ca
2020,Quadro de noticias digital,Leopoldo Acero,yfreund@msn.com
2021,Raguarta Ö l'erable,Inocencio Ovidio Galiano Moll,cgarcia@gmail.com
2022,Raguarta dacero,Rosenda Planas Pozuelo,sassen@icloud.com
2023,Raguarta dauro,Edelmira Serna-Corbacho,hwestiii@yahoo.com
2024,Rail Transit,Teo Velazquez Mas,anicolao@aol.com
2025,Recherche de pub,Julian Mendez Barroso,scottzed@aol.com
2026,Recode Global,Nicodemo Humberto Fuster Pina,madanm@comcast.net
2027,Recoder Global,Reyes Andres Perales,greear@me.com
2028,Recodificar global,Belen Ca§ellas Batalla,fhirsch@hotmail.com
2029,Recursos Csw,Purificacion del Gual,zavadsky@me.com
2030,Red Wheel,Heraclio Reyes Espada,hager@sbcglobal.net
2031,Rennradsport,Lalo Bola§os Rios,uncle@comcast.net
2032,Reparacio dautomïbils Sabre,Martina Salamanca Arce,tfinniga@me.com
2033,Reparation automobile Sabre,Catalina Guerra Pavon,moinefou@gmail.com
2034,Ressources CSW,Andres del Olivera,jrkorson@comcast.net
2035,Ricambi auto non conformisti,Pili Pina Pozuelo,rohitm@sbcglobal.net
2036,Ricodifica globale,Felicidad Roca Font,crobles@hotmail.com
2037,Riparazione auto Saber,Carmelita de Vizcaino,ideguy@yahoo.com
2038,Risorse Csw,Armida Vizcaino Iniesta,codex@optonline.net
2039,Riteway,Azahar Lujan Camara,dodong@verizon.net
2040,Rituale,Conrado Ordo§ez Cerro,esokullu@optonline.net
2041,Riu amunt,Angelino Pozuelo Dieguez,tromey@optonline.net
2042,Road Bike Sports,Gabriela Nu§ez,matsn@optonline.net
2043,Roba Moderna,Calixta Fabregas Caballero,mcmillan@yahoo.ca
2044,Robotank Home,Fermin Gimeno Aguirre,yenya@aol.com
2045,Robotank nach Hause,Pedro Armengol Mugica,floxy@verizon.net
2046,Rotes Rad,Rufina Moya Verdu,sburke@live.com
2047,Route de la ville dabus,Jose Antonio Frias-Campos,ahuillet@msn.com
2048,Routes Ez,Tiburcio Ovidio Jover Castello,mugwump@outlook.com
2049,Ruota Rossa,Pascuala Diego Gomis,dexter@sbcglobal.net
2050,RÅschenkissen,Trinidad Aramburu,psichel@comcast.net
2051,Saaanu,Teofilo Palacios-Coronado,citadel@gmail.com
2052,Saatchi Labs,Marcio Ropero Vila,preneel@verizon.net
2053,SÑbel Autoreparatur,Gracia de Sarabia,makarow@yahoo.com
2054,Sabre Auto Repair,Barbara de Bru,sravani@me.com
2055,Sabre Auto Reparaá∆o,Gabriel Oliver Pe§alver,bdbrown@me.com
2056,Scheint Mîbel,Osvaldo Andrade Canton,chrisk@msn.com
2057,Schienenverkehr,Amada Conde Rossello,wojciech@hotmail.com
2058,SchlÅsselsicherheit,Horacio del Duran,trygstad@comcast.net
2059,SchlÅsseltechnologie,Maxi Moran Sureda,skippy@optonline.net
2060,Schrecklicher Herbst,Socorro Cordero Salas,kmiller@icloud.com
2061,Schwefel,Ismael Peiro-Gamez,sarahs@mac.com
2062,Science illimitee,Amor Escolano Gargallo,geeber@aol.com
2063,Scienza senza limiti,Elias Coello Cisneros,crandall@gmail.com
2064,Sedia da lavoro,Candelaria Anton Roda,tellis@hotmail.com
2065,Seems Furniture,Fabricio Heredia Acero,horrocks@sbcglobal.net
2066,Seguranáa da chave,Fabricio Prieto,wojciech@outlook.com
2067,Seguretat de claus,Selena Sales Cerda,dpitts@live.com
2068,Selagin Digital,Benjamin Ceferino Parejo Quintanilla,jmcnamara@mac.com
2069,Selagine Digital,Juan Luis Rodrigo-Barcelo,rddesign@icloud.com
2070,Selagine digitale,Eusebia de Rincon,kourai@gmail.com
2071,Sembla un moble,Alma del Canton,teverett@gmail.com
2072,Semble Meubles,Calixto Borrego,tsuruta@optonline.net
2073,Sembra Mobili,Rufino Tudela Soler,jigsaw@msn.com
2074,Sequential Ai,Luciana Josefina Castilla Rebollo,murty@verizon.net
2075,Sequentielle Ai,Gil Duran alvarez,pkplex@yahoo.ca
2076,Serveis de garatge,Leocadio Pagäs Mendizabal,konst@yahoo.com
2077,Servicenet,Miguel Alvarado Go§i,jbearp@comcast.net
2078,Servicenetz,Maximino Isern Alonso,parrt@gmail.com
2079,Services de garage,Amarilis Torrent Trillo,mhoffman@comcast.net
2080,Serviáos de garagem,Coral Coca,crowemojo@me.com
2081,Servizi di garage,Apolonia Rivero Ca§as,isotopian@hotmail.com
2082,Servizi Pt2,Ariadna Mari-Hurtado,amcuri@icloud.com
2083,Shackle Clocks,Armida Muro Miro,carcus@me.com
2084,Shook 4 Kids,Marita Pilar Losa Alonso,matloff@hotmail.com
2085,Siacsafe,Luis de Barrena,gfxguy@outlook.com
2086,Siamo tuoi,Jacinto Aranda Ayllon,moxfulder@aol.com
2087,Sicher,Chuy Jose Maria Rosales Marquez,martyloo@aol.com
2088,Sicurezza chiave,Maria Manuela Sabater Arana,jguyer@gmail.com
2089,Siiniin,Dionisio Cervantes Barranco,microfab@live.com
2090,Simple Machines,Beatriz Bautista Jimenez,kosact@att.net
2091,Sistemas AI,Paco Cortes,marin@aol.com
2092,Sistemas Ateniticos,Febe Cornejo Mascaro,bmidd@yahoo.ca
2093,Sistemas Bluefin,Ciro Sales-Lucas,onestab@att.net
2094,Sistemas Westwise,Griselda de Domenech,barnett@mac.com
2095,Sistemes Ai,Adoracion de Carmona,geekgrl@hotmail.com
2096,Sistemes AtenÖstics,Hilario Donaire Zabaleta,chrisj@outlook.com
2097,Sistemes Bluefin,Florina Arrieta Infante,jfreedma@comcast.net
2098,Sistemes Westwise,Ciro Andres-Bravo,bebing@yahoo.ca
2099,Sistemi atanastici,Kike Solera Arregui,portele@live.com
2100,Sistemi del tonno rosso,Nadia Espa§a-Salazar,ozawa@me.com
2101,Sistemi Westwise,Anita Valdes Sarabia,tsuruta@sbcglobal.net
2102,Sitefusion,Valentin Artigas Carnero,drezet@aol.com
2103,Smartworld Software,Jimena Frias,pontipak@aol.com
2104,Smartworld-Software,Alexandra del Nieto,corrada@gmail.com
2105,So Factive,Lorenzo Canton Galan,fluffy@verizon.net
2106,Sofre,Ainoa Mesa Saez,evilopie@mac.com
2107,Software da equipe,Dario Costa Esteban,jkegl@aol.com
2108,Software di squadra,Concepcion del Montes,miturria@comcast.net
2109,Software I3i,Jacinto Lago Clemente,bockelboy@mac.com
2110,Software Smartworld,Zacarias Aragon,lahvak@live.com
2111,Sol Accounting,Yago Zabaleta Catalan,report@gmail.com
2112,Sol-Buchhaltung,Baldomero Cabello,knorr@yahoo.com
2113,Solo semplice assicurazione,Silvestre de Figueras,seano@me.com
2114,Soluá∆o principal,Chuy Briones Martin,kjetilk@comcast.net
2115,Solucio bÖsica,Atilio Sala Echevarria,rsteiner@outlook.com
2116,Solucions Zenitcom,Salome Mateo Huguet,enintend@att.net
2117,Soluá‰es Zenitcom,Pascual del Escudero,fairbank@gmail.com
2118,Solution de base,Gilberto Arenas Zapata,druschel@comcast.net
2119,Solutions Zenitcom,Patricia Pinilla-Esparza,sfoskett@aol.com
2120,Soluzione centrale,Maricruz Haro,andrei@yahoo.ca
2121,Soluzione creativa,Ileana Vicens,wildixon@comcast.net
2122,Soluzioni di squadra,Epifanio Regulo Rovira Moran,timlinux@yahoo.ca
2123,Soluzioni Zenitcom,Rafael Caro Quevedo,pajas@msn.com
2124,Som teus,Tristan Zamorano Alegria,rnelson@live.com
2125,Sonar Di Roma Terme,Herberto Mora Pina,netsfr@hotmail.com
2126,Sonar Of Roma Spa,Eric Saavedra Robledo,nullchar@me.com
2127,Sonar von Roma Spa,Ileana Galvez,enintend@verizon.net
2128,Soufre,Ciro Valera Rodenas,rkobes@gmail.com
2129,Spieler,Sancho Llabres Gallo,ribet@icloud.com
2130,Sport per bici da strada,Prudencio Herranz,pthomsen@yahoo.com
2131,Sports de velo de route,To§o Jenaro Sainz Marti,webinc@aol.com
2132,Srl,Arcelia de Palacio,thowell@aol.com
2133,Srlan,Adora Bastida Uria,treit@comcast.net
2134,Stace Digital,Eliana Bejarano Taboada,mbrown@att.net
2135,Stadt Abus Road,Lucas Saenz Uriarte,ajlitt@outlook.com
2136,Stadt Lyon,Paola del Jaume,william@mac.com
2137,Stadt Revelstoke,ingrid Garmendia-Ni§o,jorgb@hotmail.com
2138,StÑdtische Mîbel,Francisco Jose Mendez,iapetus@verizon.net
2139,Standortfusion,Pili Sanchez Pla,arathi@sbcglobal.net
2140,Stapel,Julian Llorente Sainz,mahbub@yahoo.ca
2141,Startup Europa,Ricarda Aparicio Prieto,rgarton@comcast.net
2142,Startup Europe,Danilo Hervia,wildfire@comcast.net
2143,Start-up europeenne,Luis Cervantes-Pont,ebassi@yahoo.com
2144,Stazio Digitale,Cirino Paniagua Gutierrez,kalpol@outlook.com
2145,StromaufwÑrts,Amarilis Acedo Rosales,hikoza@gmail.com
2146,Studio Nola,Aurelia Gonzalez Pedraza,jespley@yahoo.com
2147,Studio Pt Teknikasi,Alex Azorin Ca§ete,sharon@gmail.com
2148,Summen Digital,Lucho Reguera Heredia,moxfulder@me.com
2149,Supercasas de moda,Rufino Cazorla Ribes,inico@yahoo.ca
2150,Superhome Fashions,Benito Pi Pedraza,simone@att.net
2151,Superhome-Mode,Ignacia Osuna Barcena,gknauss@comcast.net
2152,Sviluppo Ahiyo,Juan Azcona-Bautista,noneme@optonline.net
2153,Systämes atenastiques,Griselda Toledo-Sala,satishr@sbcglobal.net
2154,Systämes de thon rouge,Anunciacion Adan Arroyo,martink@sbcglobal.net
2155,Systämes IA,Tito del Arrieta,jrkorson@hotmail.com
2156,Systämes Westwise,Alonso Marti,gward@icloud.com
2157,TÖctiques digitals,Julio Morata Llopis,rcwil@outlook.com
2158,Tactiques numeriques,Estrella Badia-Amo,grdschl@sbcglobal.net
2159,Talentplan,Imelda Navas,sinkou@me.com
2160,Tambore Project,Jordi Melendez Camps,eabrown@comcast.net
2161,Tambore-Projekt,Juan Bautista Ros Quesada,eidac@live.com
2162,Tan factiu,Maura de Alba,jwarren@hotmail.com
2163,T∆o Fativo,Guadalupe de Peralta,meinkej@gmail.com
2164,Taticas Digitais,Jenny Valderrama Abril,goldberg@yahoo.com
2165,Tattiche digitali,Ruben Ca§as Lastra,gfxguy@yahoo.com
2166,Team di analisi,Ana Sofia Ojeda-Pozuelo,parrt@msn.com
2167,Team Esports,Pastor Querol Verdugo,sjava@yahoo.com
2168,Team Impact,Andres Saavedra Castello,shawnce@me.com
2169,Team Software,Carlito Dominguez Cortes,afifi@yahoo.com
2170,Team Solutions,Candelas Fiol-Montes,bbirth@optonline.net
2171,Team-Auswirkung,Micaela de Fuentes,flakeg@gmail.com
2172,Team-Esport,Jose Manuel Juarez Moreno,cumarana@yahoo.com
2173,Teamlîsungen,Estefania Llobet Villalba,timlinux@icloud.com
2174,Team-Software,Noe de Borrego,cderoove@comcast.net
2175,Technologie cle,Sonia Prudencia Sola Cuadrado,kingma@hotmail.com
2176,Tecnico Iti,Salome Bautista Sanabria,satch@verizon.net
2177,Tecnologia chave,Noa alvaro Verdejo,lpalmer@mac.com
2178,Tecnologia chiave,Merche Reguera Plaza,rgiersig@aol.com
2179,Tecnologia clau,Miguel angel de Contreras,drhyde@comcast.net
2180,Tecnologias Ouma,Maria Carmen Monreal Perez,stakasa@gmail.com
2181,Tecnolïgic Periazzo,Jose Escamilla I§iguez,netsfr@verizon.net
2182,Tecnologico Periazzo,Teo Quero Beltran,webinc@outlook.com
2183,Tecnologico Periazzo,Jose Miguel Busquets Mate,jaesenj@yahoo.ca
2184,Tecnologie Ouma,Gerardo Aitor Saenz Martin,hager@live.com
2185,Tecnologies Ouma,Vilma de Cabeza,yfreund@sbcglobal.net
2186,Tecnosistemi,Cecilia Cortes Mendoza,mavilar@yahoo.ca
2187,Teknosistemes,Catalina Vazquez Vergara,phish@me.com
2188,Teknossistemas,Elisabet Diaz Macias,parsimony@live.com
2189,Teknosysteme,Gaston Mendez,eegsa@optonline.net
2190,Teknosystems,Serafina Marcela Solano Alfaro,nichoj@yahoo.com
2191,Tellement Factif,Maria Jose Jessica Bas Hernandez,morain@comcast.net
2192,Terrible herbe,Virginia Puga Prado,noticias@hotmail.com
2193,Terrible Herbst,Caridad Mendizabal,bjoern@msn.com
2194,Teutorm,Bruno Gimenez Luz,sassen@outlook.com
2195,The Home It Service,Corona Escalona Alfonso,kronvold@aol.com
2196,The Other Side,Maricruz Tejedor Pons,alastair@verizon.net
2197,The Rotary Club,Poncio Osorio Pujol,jaffe@hotmail.com
2198,Thinkit360,Miriam Pelayo Salazar,kosact@live.com
2199,Thinkshift,Octavio Clemente,mwandel@hotmail.com
2200,Todo Bom Bem Depois do Logo,Cristian Verdugo Carro,ubergeeb@sbcglobal.net
2201,Tolle Designs,Esmeralda Simo,sisyphus@aol.com
2202,Tombit,Galo Alonso Bermejo,johnh@verizon.net
2203,Toombbit,Andres Felipe Garate Armas,dkeeler@yahoo.com
2204,Toombit,Noa Ballesteros Pozo,dbrobins@hotmail.com
2205,Tot Beddbfty,Maite Mercader Sotelo,uraeus@mac.com
2206,Tot el logotip de Good Good After,Natalia Baro Ca§ete,tedrlord@live.com
2207,Tout Beddbfty,Ezequiel Bayon-Berrocal,gator@yahoo.ca
2208,Town Of Abus Road,Ana Belen Mayo Correa,bastian@aol.com
2209,Toyta,Marisa Maria Fernanda Tellez Barranco,frode@optonline.net
2210,Toytha,Malena Olivera Ropero,boein@msn.com
2211,Trammy Australia,Nicolasa Arcos Oller,lydia@outlook.com
2212,Trammys Australia,Vera Salmeron Montoya,ateniese@hotmail.com
2213,Trammys Australia,Odalis Santamaria-Cueto,scato@icloud.com
2214,Trammys AustrÖlia,Maxi Celia Salazar Iniesta,scato@comcast.net
2215,Trammys Australie,Samanta Olmedo Bayon,flavell@sbcglobal.net
2216,Trammys Australien,Santos Aleman Garmendia,oneiros@me.com
2217,Transferir,Prudencia Pareja Requena,dawnsong@verizon.net
2218,Transgare,Alonso Frias Gamez,arnold@me.com
2219,Transgate,Vera Daza Taboada,jandrese@yahoo.com
2220,TrÖnsit ferroviari,Sosimo Tellez,caidaperl@verizon.net
2221,Transito ferroviario,Maria Samper Sedano,boein@sbcglobal.net
2222,TrÉnsito Ferroviario,Placido Camino Calvet,bjoern@att.net
2223,Transport en ligne,Onofre Calvo-Pascual,policies@yahoo.com
2224,Transport en linia,Goyo Gomez Garmendia,mleary@sbcglobal.net
2225,Transport ferroviaire,Jose Manuel Hernandez Huerta,weidai@icloud.com
2226,Transporte on-line,Tito Domenech,danneng@aol.com
2227,Transworld House,Francisco Jorda Lamas,seebs@outlook.com
2228,Transworld-Haus,Cayetana Caballero Huguet,blixem@aol.com
2229,Trasporto in linea,Graciana Pintor Alba,munson@mac.com
2230,Treinamento cruzado,Jose Leal Pera,andrewik@gmail.com
2231,Tsexex.ai,Tatiana Morales Palomares,gboss@me.com
2232,Tudo Bedbfty,Heriberto Orozco Barba,amimojo@optonline.net
2233,Tun Sie dies,Augusto del Corominas,makarow@hotmail.com
2234,Tutto Beddbfty,Enrique Salamanca avila,aglassis@yahoo.ca
2235,öbersetzen,Chita Valentina Lopez Iba§ez,gfxguy@hotmail.com
2236,Um Rolo,Encarnacion Iniesta,uraeus@comcast.net
2237,Un seul rouleau,Calixta Mena Matas,pspoole@yahoo.ca
2238,Una tantum,Jose Carlos de Oca§a,dialworld@sbcglobal.net
2239,UniversitÖ dellasse,Macario Acosta Salgado,goldberg@aol.com
2240,Upstream,Veronica Carmina Riba Criado,presoff@aol.com
2241,Urban Furniture,Mateo Coll,adhere@verizon.net
2242,Usine 2cv,Regulo Plaza Jerez,salesgeek@mac.com
2243,Usine de Confiture Industrielle,Candelas Rios,dhwon@outlook.com
2244,Vannini House,Daniela Aragones Aparicio,jfriedl@outlook.com
2245,Vannini-Haus,Elvira Godoy Santana,gbacon@gmail.com
2246,Veasit,Marianela Llorens-Alfaro,joelw@me.com
2247,Verre Brante,Cirino Cueto-Burgos,wetter@verizon.net
2248,Vàtements modernesopolis,Herminia Lastra Galiano,dialworld@mac.com
2249,Victorias BÑckerei,Arsenio Castejon Zabala,kmself@yahoo.ca
2250,Victorias Bakery,Maribel Moles Campos,noneme@mac.com
2251,Videocast,Arcelia Melero Ibarra,caidaperl@yahoo.ca
2252,Vidre Brante,Blanca Cal-Alegria,dbanarse@sbcglobal.net
2253,Vidro Brante,Ruy Priego Oller,keijser@yahoo.ca
2254,Ville de Lyon,Carmela de Pulido,mddallara@optonline.net
2255,Ville de Revelstoke,Ines Castrillo Merino,wonderkid@optonline.net
2256,Vino e liquori di diamante,Apolonia Cal Ferrando,stern@comcast.net
2257,Visio esportiva,Nayara Gonzalo Manzanares,jtorkbob@optonline.net
2258,Vision Sport,Venceslas Hoyos Palacios,plover@yahoo.com
2259,Vision Sports,Nilda Torralba Leon,jigsaw@outlook.com
2260,Visionssport,Lupe Guerra-Huguet,thomasj@att.net
2261,Vitalwagen,Rosaura Conesa Pons,pavel@sbcglobal.net
2262,Vitalwagens,Roberto Ribes-Marco,jmorris@outlook.com
2263,Vittee,Magdalena Barreda Benitez,ngedmond@mac.com
2264,Vitteo,Dulce Luna-Ayllon,cosimo@live.com
2265,Vivid Design,Teresita Rosa Carrillo Valcarcel,tangsh@verizon.net
2266,Vuevitas,Carlito Pe§as Prado,philen@verizon.net
2267,Walna Dynamics,Jesus Abad Lago,chaikin@optonline.net
2268,Walna Dynamik,Ovidio de Cabanillas,stakasa@optonline.net
2269,Wappifier,Mayte Bou Cabezas,duncand@optonline.net
2270,Wappify,ambar Saenz Agusti,eidac@aol.com
2271,We Are Yours,Rufina Marti-Baena,emmanuel@icloud.com
2272,Webbi,Eloisa Parejo Donaire,ijackson@live.com
2273,Webstar,Severino Montesinos Benet,jelmer@verizon.net
2274,Welt von Matsuri,Benito Garces Landa,smcnabb@aol.com
2275,Wembo Mobile,Sebastian Carnero Uriarte,seano@hotmail.com
2276,Wembo-Mobil,Olalla Aviles Nieto,ismail@gmail.com
2277,Westwise Systems,Erasmo Candido Vilar Villar,markjugg@comcast.net
2278,Westwise-Systeme,Tamara Echeverria Castello,klaudon@yahoo.com
2279,Windiger Wald,Magdalena del Pe§as,mrobshaw@mac.com
2280,Windy Forest,Mar Millan Pons,themer@me.com
2281,Wir gehîren Ihnen,Marina Iniesta Franch,jimmichie@aol.com
2282,Woodside Rental,Juan Luis Alba Tejero,rhialto@hotmail.com
2283,Woodside-Vermietung,Nydia Rios-Huguet,wainwrig@aol.com
2284,Working Loop,Samu Galvez Frutos,fudrucker@live.com
2285,World Of Matsuri,Julian Hernando Pe§as,bjoern@aol.com
2286,Xplenticom,Beatriz Infante Almagro,kassiesa@comcast.net
2287,Xplentycom,Paulina del Gonzalo,paulv@verizon.net
2288,Zenitcom Solutions,Bernardita Royo Leon,samavati@yahoo.com
2289,Zenitcom-Lîsungen,Ale Cerezo,tangsh@live.com
2290,Zentwall,Alcides Porfirio Planas Ure§a,pereinar@live.com
2291,Zillion,Gilberto Alberola,rbarreira@live.com
2292,Zolfo,Nilda Ruano Calleja,bmidd@hotmail.com
2293,Zumbido Digital,Adriana Guerrero Gordillo,kwilliams@yahoo.com
2294,ZwischenstÑdte,Natividad Aguirre Gual,ardagna@sbcglobal.net
